productId,name,cleanName,extCardType,extStage,imageUrl,subTypeName,extRarity,categoryId,groupId,url,modifiedOn,imageCount,extCardText,lowPrice,midPrice,highPrice,marketPrice,directLowPrice,extUPC,extNumber,extHP,extAttack1,extWeakness,extRetreatCost,extAttack2,extResistance
277324,Lost Origin Booster Box,Lost Origin Booster Box,,,https://tcgplayer-cdn.tcgplayer.com/product/277324_200w.jpg,Normal,,3,3118,https://cpt.tcgcsv.com/vXd3,2022-09-09T04:03:39.38,1,Each Sword & Shield— Lost Origin booster box contains 36 booster packs. <em>(Each pack contains 10 random cards)</em>,750.0,987.44,2500.0,732.27,,,,,,,,,
277325,Lost Origin Booster Pack,Lost Origin Booster Pack,,,https://tcgplayer-cdn.tcgplayer.com/product/277325_200w.jpg,Normal,,3,3118,https://cpt.tcgcsv.com/wXd3,2022-09-09T04:03:39.38,1,Each Lost Origin booster pack contains 10 random cards.,10.0,15.0,36.63,14.47,,,,,,,,,
277326,Lost Origin Sleeved Booster Pack,Lost Origin Sleeved Booster Pack,,,https://tcgplayer-cdn.tcgplayer.com/product/277326_200w.jpg,Normal,,3,3118,https://cpt.tcgcsv.com/xXd3,2022-09-09T04:03:39.38,1,Each Lost Origin sleeved booster pack contains 10 random cards.,15.5,17.0,161580.17,16.05,,,,,,,,,
277327,Lost Origin Single Pack Blister [Croagunk],Lost Origin Single Pack Blister Croagunk,,,https://tcgplayer-cdn.tcgplayer.com/product/277327_200w.jpg,Normal,,3,3118,https://cpt.tcgcsv.com/zXd3,2022-09-09T04:03:39.38,1,"Each blister comes with 1 Lost Origin booster pack, a coin, and a promotional card of Croagunk.",15.96,20.89,29.95,14.98,,,,,,,,,
277328,Lost Origin Single Pack Blister [Scorbunny],Lost Origin Single Pack Blister Scorbunny,,,https://tcgplayer-cdn.tcgplayer.com/product/277328_200w.jpg,Normal,,3,3118,https://cpt.tcgcsv.com/BXd3,2022-09-09T04:03:39.38,1,"Each blister comes with 1 Lost Origin booster pack, a coin, and a promotional card of Scorbunny.",17.58,19.99,212113.09,15.29,,,,,,,,,
277329,Lost Origin 3 Pack Blister [Regigigas],Lost Origin 3 Pack Blister Regigigas,,,https://tcgplayer-cdn.tcgplayer.com/product/277329_200w.jpg,Normal,,3,3118,https://cpt.tcgcsv.com/CXd3,2022-09-09T04:03:39.38,1,"Each 3 Pack blister comes with 3 Lost Origin booster packs, 1 coin, and a promotional card of Regigigas.",60.99,60.99,60.99,54.49,,0820650850608,,,,,,,
277330,Lost Origin 3 Pack Blister [Weavile],Lost Origin 3 Pack Blister Weavile,,,https://tcgplayer-cdn.tcgplayer.com/product/277330_200w.jpg,Normal,,3,3118,https://cpt.tcgcsv.com/DXd3,2022-09-09T04:03:39.38,1,"Each 3 Pack blister comes with 3 Lost Origin booster packs, 1 coin, and a promotional card of Weavile.",69.99,75.0,86.97,52.66,,0820650850608,,,,,,,
277331,Lost Origin Premium Checklane Blister [Infernape],Lost Origin Premium Checklane Blister Infernape,,,https://tcgplayer-cdn.tcgplayer.com/product/277331_200w.jpg,Normal,,3,3118,https://cpt.tcgcsv.com/FXd3,2022-09-09T04:03:39.38,1,"Contains 1 Sword & Shield — Lost Origin booster pack, a TCGO Code, Coin and 3 cards with an evolution line.",19.99,22.49,50.0,20.42,,,,,,,,,
277334,Lost Origin Premium Checklane Blister [Torterra],Lost Origin Premium Checklane Blister Torterra,,,https://tcgplayer-cdn.tcgplayer.com/product/277334_200w.jpg,Normal,,3,3118,https://cpt.tcgcsv.com/JXd3,2022-09-09T04:03:39.38,1,"Contains 1 Sword & Shield — Lost Origin booster pack, a TCGO Code, Coin and 3 cards with an evolution line.",20.0,23.99,50.0,21.19,,,,,,,,,
277335,Lost Origin Elite Trainer Box,Lost Origin Elite Trainer Box,,,https://tcgplayer-cdn.tcgplayer.com/product/277335_200w.jpg,Normal,,3,3118,https://cpt.tcgcsv.com/KXd3,2022-09-09T04:03:39.38,1,"<em><strong>(This product is not the Pokemon Center Exclusive)</em></strong>
<br><br>THE POKÉMON TCG: SWORD & SHIELD — Lost Origin ELITE TRAINER BOX includes:
<br>• 8 Pokémon TCG: Sword & Shield—Lost Origin booster packs
<br>• 65 card sleeves featuring Giratina
<br>• 45 Pokémon TCG Energy cards
<br>• A player’s guide
<br>• A Pokémon TCG rulebook
<br>• 6 damage-counter dice
<br>• 1 competition-legal coin-flip die
<br>• 2 acrylic condition markers
<br>• A collector’s box to hold everything, with 4 dividers to keep it organized
<br>• A code card for the Pokémon Trading Card Game Online",147.99,175.0,499.9,158.08,,0820650850714,,,,,,,
277336,Lost Origin Pokemon Center Elite Trainer Box (Exclusive),Lost Origin Pokemon Center Elite Trainer Box Exclusive,,,https://tcgplayer-cdn.tcgplayer.com/product/277336_200w.jpg,Normal,,3,3118,https://cpt.tcgcsv.com/LXd3,2024-11-07T20:55:41.333,1,"This Pokémon TCG: Sword & Shield—Lost Origin Pokémon Center Elite Trainer Box can be found only at Pokémon Center and comes with exclusive accessories—an extra set of 65 card sleeves and a metallic coin—plus 10 booster packs (two more than in a standard Elite Trainer Box).
<br><br>• 10 Pokémon TCG: Sword & Shield—Lost Origin booster packs
<br>• 1 metal pin featuring Giratina
<br>• 45 Pokémon TCG Energy cards
<br>• A player’s guide to the Sword & Shield—Lost Origin expansion
<br>• A Pokémon TCG rulebook
<br>• 6 damage-counter dice
<br>• 1 competition-legal coin-flip die
<br>• 1 metallic coin featuring Giratina
<br>• 2 acrylic condition markers
<br>• A collector’s box to hold everything, with 4 dividers to keep it organized
<br>• A code card for the Pokémon Trading Card Game Online",234.18,300.0,2999.99,234.22,,,,,,,,,
277345,Lost Origin Build & Battle Box,Lost Origin Build and Battle Box,,,https://tcgplayer-cdn.tcgplayer.com/product/277345_200w.jpg,Normal,,3,3118,https://cpt.tcgcsv.com/WXd3,2022-09-09T04:03:39.38,1,"EACH POKÉMON TCG: SWORD & SHIELD—Lost Origin BUILD & BATTLE BOX INCLUDES:
<br>• 40-card ready-to-play decks
<br>• 1 of 4 promo cards
<br>• 4 Pokémon TCG: Sword & Shield—Lost Origin booster packs
<br>• 1 deck-building tip sheet",60.0,66.75,99.95,62.9,,,,,,,,,
277346,Lost Origin Build & Battle Stadium,Lost Origin Build and Battle Stadium,,,https://tcgplayer-cdn.tcgplayer.com/product/277346_200w.jpg,Normal,,3,3118,https://cpt.tcgcsv.com/XXd3,2025-02-05T19:46:33.707,1,"The Build & Battle Stadium includes everything you need for two players to prepare and battle. Inside this box, you’ll find::
<br>• 2 individual Build & Battle Boxes, each containing a 40-card ready-to-play deck
<br>• Each deck includes 1 of 4 unique foil promo cards
<br>• 4 additional Pokémon TCG: Sword & Shield—Lost Origin booster packs, so you get 12 in all
<br>• 121 Pokémon TCG Energy cards
<br>• 6 damage-counter dice
<br>• 1 competition-legal coin-flip die
<br>• 2 acrylic condition markers
<br>• A collector’s box to hold everything",184.0,211.42,319.19,172.03,,,,,,,,,
277671,Code Card - Lost Origin Build & Battle Box,Code Card Lost Origin Build and Battle Box,,,https://tcgplayer-cdn.tcgplayer.com/product/277671_200w.jpg,Normal,Code Card,3,3118,https://cpt.tcgcsv.com/r5f3,2022-09-09T04:03:39.38,1,"This listing is <strong>not</strong> a physical item. Please keep in mind that this <strong>Code Card</strong> listing represents a digital copy of the stated item for the Pokémon TCG Online <strong>and/or</strong> the Pokémon TCG Live games. You may receive the physical <strong>Code Card</strong>. Upon purchase, please work with your specific Seller by sending them a message using the <strong>Contact Seller</strong> button on the order details in your <a href=https://store.tcgplayer.com/myaccount/orderhistory>Order History</a> to opt in to having your <strong>Code Card</strong> code delivered digitally due to the nature of the product.",0.07,0.17,1.0,0.21,,,,,,,,,
277672,Code Card - Lost Origin Pokemon Center Elite Trainer Box (Exclusive),Code Card Lost Origin Pokemon Center Elite Trainer Box Exclusive,,,https://tcgplayer-cdn.tcgplayer.com/product/277672_200w.jpg,Normal,Code Card,3,3118,https://cpt.tcgcsv.com/s5f3,2022-09-09T04:03:39.38,1,"This listing is <strong>not</strong> a physical item. Please keep in mind that this <strong>Code Card</strong> listing represents a digital copy of the stated item for the Pokémon TCG Online <strong>and/or</strong> the Pokémon TCG Live games. You may receive the physical <strong>Code Card</strong>. Upon purchase, please work with your specific Seller by sending them a message using the <strong>Contact Seller</strong> button on the order details in your <a href=https://store.tcgplayer.com/myaccount/orderhistory>Order History</a> to opt in to having your <strong>Code Card</strong> code delivered digitally due to the nature of the product.",1.95,2.35,2.38,2.37,,,,,,,,,
277673,Code Card - Lost Origin Elite Trainer Box,Code Card Lost Origin Elite Trainer Box,,,https://tcgplayer-cdn.tcgplayer.com/product/277673_200w.jpg,Normal,Code Card,3,3118,https://cpt.tcgcsv.com/t5f3,2022-09-09T04:03:39.38,1,"This listing is <strong>not</strong> a physical item. Please keep in mind that this <strong>Code Card</strong> listing represents a digital copy of the stated item for the Pokémon TCG Online <strong>and/or</strong> the Pokémon TCG Live games. You may receive the physical <strong>Code Card</strong>. Upon purchase, please work with your specific Seller by sending them a message using the <strong>Contact Seller</strong> button on the order details in your <a href=https://store.tcgplayer.com/myaccount/orderhistory>Order History</a> to opt in to having your <strong>Code Card</strong> code delivered digitally due to the nature of the product.",0.04,0.12,3.95,0.12,,,,,,,,,
277674,Code Card - Lost Origin Booster Pack,Code Card Lost Origin Booster Pack,,,https://tcgplayer-cdn.tcgplayer.com/product/277674_200w.jpg,Normal,Code Card,3,3118,https://cpt.tcgcsv.com/v5f3,2022-09-09T04:03:39.38,1,"This listing is <strong>not</strong> a physical item. Please keep in mind that this <strong>Code Card</strong> listing represents a digital copy of the stated item for the Pokémon TCG Online <strong>and/or</strong> the Pokémon TCG Live games. You may receive the physical <strong>Code Card</strong>. Upon purchase, please work with your specific Seller by sending them a message using the <strong>Contact Seller</strong> button on the order details in your <a href=https://store.tcgplayer.com/myaccount/orderhistory>Order History</a> to opt in to having your <strong>Code Card</strong> code delivered digitally due to the nature of the product.",0.01,0.05,9.99,0.03,,,,,,,,,
278792,Lost Origin 3 Pack Blister [Set of 2],Lost Origin 3 Pack Blister Set of 2,,,https://tcgplayer-cdn.tcgplayer.com/product/278792_200w.jpg,Normal,,3,3118,https://cpt.tcgcsv.com/Swf3,2022-09-09T04:03:39.38,1,"Collect each of the Lost Origin 3 Pack Blisters.
<br><br>tEach 3 Pack blister comes with 3 Lost Origin booster packs, 1 coin, and a promotional card of Regigigas or Weavile.",139.5,148.75,149.45,110.54,,,,,,,,,
278793,Lost Origin Booster Box Case,Lost Origin Booster Box Case,,,https://tcgplayer-cdn.tcgplayer.com/product/278793_200w.jpg,Normal,,3,3118,https://cpt.tcgcsv.com/Twf3,2022-09-09T04:03:39.38,1,Each sealed booster box case contains 6 booster boxes of 36 booster packs. <em>(Each pack contains 10 random cards)</em>,4899.99,6224.99,15000.0,4400.7,,0820650870552,,,,,,,
278794,Lost Origin Booster Pack Art Bundle [Set of 4],Lost Origin Booster Pack Art Bundle Set of 4,,,https://tcgplayer-cdn.tcgplayer.com/product/278794_200w.jpg,Normal,,3,3118,https://cpt.tcgcsv.com/Vwf3,2022-09-09T04:03:39.38,1,"Collect each of the 4 unique art packs for Lost Origin.
<br>Each Lost Origin booster pack contains 10 random cards.",64.99,79.46,79.99,48.84,,,,,,,,,
278795,Lost Origin Build & Battle Box Display,Lost Origin Build and Battle Box Display,,,https://tcgplayer-cdn.tcgplayer.com/product/278795_200w.jpg,Normal,,3,3118,https://cpt.tcgcsv.com/Wwf3,2023-05-03T19:16:49.773,1,"Each Lost Origin Build & Battle Box Display contains 10 Lost Origin Build & Battle Boxes.
<br><br>EACH POKÉMON TCG: SWORD & SHIELD—Lost Origin BUILD & BATTLE BOX INCLUDES:
<br>• 40-card ready-to-play decks
<br>• 1 of 4 promo cards
<br>• 4 Pokémon TCG: Sword & Shield—Lost Origin booster packs
<br>• 1 deck-building tip sheet",729.99,1197.48,1295.98,659.65,,0820650860690,,,,,,,
278796,Lost Origin Elite Trainer Box Case,Lost Origin Elite Trainer Box Case,,,https://tcgplayer-cdn.tcgplayer.com/product/278796_200w.jpg,Normal,,3,3118,https://cpt.tcgcsv.com/Xwf3,2022-09-09T04:03:39.38,1,Each sealed Elite Trainer Box case contains 10 Elite Trainer Boxes.,1749.98,1817.48,2549.49,1625.74,,0820650870712,,,,,,,
278797,Lost Origin Single Pack Blister [Set of 2],Lost Origin Single Pack Blister Set of 2,,,https://tcgplayer-cdn.tcgplayer.com/product/278797_200w.jpg,Normal,,3,3118,https://cpt.tcgcsv.com/Zwf3,2022-09-09T04:03:39.38,1,"Collect each of the Lost Origin Single Pack Blisters.
<br>Each blister comes with 1 Lost Origin booster pack, a coin, and a promotional card of Scorbunny or Croagunk.",34.99,53.97,213448.51,37.68,,,,,,,,,
278801,Lost Origin Sleeved Booster Pack Art Bundle [Set of 4],Lost Origin Sleeved Booster Pack Art Bundle Set of 4,,,https://tcgplayer-cdn.tcgplayer.com/product/278801_200w.jpg,Normal,,3,3118,https://cpt.tcgcsv.com/2xf3,2022-09-09T04:03:39.38,1,"Collect each of the 4 unique art packs for Lost Origin.
<br>Each Lost Origin booster pack contains 10 random cards.",72.0,80.48,94.95,63.9,,,,,,,,,
278803,Lost Origin Premium Checklane Blister [Set of 2],Lost Origin Premium Checklane Blister Set of 2,,,https://tcgplayer-cdn.tcgplayer.com/product/278803_200w.jpg,,,3,3118,https://cpt.tcgcsv.com/5xf3,2022-09-09T04:03:39.38,1,"Collect each of the Lost Origin Premium Checklane Blisters
<br><br>Each Premium Checklane Blister comes with a Lost Origin booster pack, a TCGO Code, Coin and 3 cards with an evolution line.",,,,,,,,,,,,,
278804,Lost Origin Sleeved Booster Pack Bundle [Set of 8],Lost Origin Sleeved Booster Pack Bundle Set of 8,,,https://tcgplayer-cdn.tcgplayer.com/product/278804_200w.jpg,Normal,,3,3118,https://cpt.tcgcsv.com/6xf3,2022-09-09T04:03:39.38,1,"Contains 8 Sleeved Booster Packs of Sword & Shield—Lost Origin.
<br>Each Sword & Shield—Lost Origin sleeved booster pack contains 10 random cards.",152.9,159.95,169.99,127.53,,,,,,,,,
278807,Code Card - Lost Origin 3 Pack Blister [Regigigas],Code Card Lost Origin 3 Pack Blister Regigigas,,,https://tcgplayer-cdn.tcgplayer.com/product/278807_200w.jpg,Normal,Code Card,3,3118,https://cpt.tcgcsv.com/9xf3,2022-09-09T04:03:39.38,1,"This listing is <strong>not</strong> a physical item. Please keep in mind that this <strong>Code Card</strong> listing represents a digital copy of the stated item for the Pokémon TCG Online <strong>and/or</strong> the Pokémon TCG Live games. You may receive the physical <strong>Code Card</strong>. Upon purchase, please work with your specific Seller by sending them a message using the <strong>Contact Seller</strong> button on the order details in your <a href=https://store.tcgplayer.com/myaccount/orderhistory>Order History</a> to opt in to having your <strong>Code Card</strong> code delivered digitally due to the nature of the product.",0.01,0.1,1.24,0.05,,,,,,,,,
278808,Code Card - Lost Origin 3 Pack Blister [Weavile],Code Card Lost Origin 3 Pack Blister Weavile,,,https://tcgplayer-cdn.tcgplayer.com/product/278808_200w.jpg,Normal,Code Card,3,3118,https://cpt.tcgcsv.com/bxf3,2022-09-09T04:03:39.38,1,"This listing is <strong>not</strong> a physical item. Please keep in mind that this <strong>Code Card</strong> listing represents a digital copy of the stated item for the Pokémon TCG Online <strong>and/or</strong> the Pokémon TCG Live games. You may receive the physical <strong>Code Card</strong>. Upon purchase, please work with your specific Seller by sending them a message using the <strong>Contact Seller</strong> button on the order details in your <a href=https://store.tcgplayer.com/myaccount/orderhistory>Order History</a> to opt in to having your <strong>Code Card</strong> code delivered digitally due to the nature of the product.",0.01,0.12,0.49,,,,,,,,,,
278810,Code Card - Lost Origin Single Pack Blister [Croagunk],Code Card Lost Origin Single Pack Blister Croagunk,,,https://tcgplayer-cdn.tcgplayer.com/product/278810_200w.jpg,Normal,Code Card,3,3118,https://cpt.tcgcsv.com/dxf3,2022-09-09T04:03:39.38,1,"This listing is <strong>not</strong> a physical item. Please keep in mind that this <strong>Code Card</strong> listing represents a digital copy of the stated item for the Pokémon TCG Online <strong>and/or</strong> the Pokémon TCG Live games. You may receive the physical <strong>Code Card</strong>. Upon purchase, please work with your specific Seller by sending them a message using the <strong>Contact Seller</strong> button on the order details in your <a href=https://store.tcgplayer.com/myaccount/orderhistory>Order History</a> to opt in to having your <strong>Code Card</strong> code delivered digitally due to the nature of the product.",0.01,0.08,0.15,,,,,,,,,,
278811,Code Card - Lost Origin Single Pack Blister [Scorbunny],Code Card Lost Origin Single Pack Blister Scorbunny,,,https://tcgplayer-cdn.tcgplayer.com/product/278811_200w.jpg,Normal,Code Card,3,3118,https://cpt.tcgcsv.com/fxf3,2022-09-09T04:03:39.38,1,"This listing is <strong>not</strong> a physical item. Please keep in mind that this <strong>Code Card</strong> listing represents a digital copy of the stated item for the Pokémon TCG Online <strong>and/or</strong> the Pokémon TCG Live games. You may receive the physical <strong>Code Card</strong>. Upon purchase, please work with your specific Seller by sending them a message using the <strong>Contact Seller</strong> button on the order details in your <a href=https://store.tcgplayer.com/myaccount/orderhistory>Order History</a> to opt in to having your <strong>Code Card</strong> code delivered digitally due to the nature of the product.",0.02,0.06,0.15,,,,,,,,,,
278813,Code Card - Lost Origin Premium Checklane Blister [Infernape],Code Card Lost Origin Premium Checklane Blister Infernape,,,https://tcgplayer-cdn.tcgplayer.com/product/278813_200w.jpg,Normal,Code Card,3,3118,https://cpt.tcgcsv.com/hxf3,2022-09-09T04:03:39.38,1,"This listing is <strong>not</strong> a physical item. Please keep in mind that this <strong>Code Card</strong> listing represents a digital copy of the stated item for the Pokémon TCG Online <strong>and/or</strong> the Pokémon TCG Live games. You may receive the physical <strong>Code Card</strong>. Upon purchase, please work with your specific Seller by sending them a message using the <strong>Contact Seller</strong> button on the order details in your <a href=https://store.tcgplayer.com/myaccount/orderhistory>Order History</a> to opt in to having your <strong>Code Card</strong> code delivered digitally due to the nature of the product.",0.15,0.15,0.25,0.15,,,,,,,,,
278814,Code Card - Lost Origin Premium Checklane Blister [Torterra],Code Card Lost Origin Premium Checklane Blister Torterra,,,https://tcgplayer-cdn.tcgplayer.com/product/278814_200w.jpg,Normal,Code Card,3,3118,https://cpt.tcgcsv.com/jxf3,2022-09-09T04:03:39.38,1,"This listing is <strong>not</strong> a physical item. Please keep in mind that this <strong>Code Card</strong> listing represents a digital copy of the stated item for the Pokémon TCG Online <strong>and/or</strong> the Pokémon TCG Live games. You may receive the physical <strong>Code Card</strong>. Upon purchase, please work with your specific Seller by sending them a message using the <strong>Contact Seller</strong> button on the order details in your <a href=https://store.tcgplayer.com/myaccount/orderhistory>Order History</a> to opt in to having your <strong>Code Card</strong> code delivered digitally due to the nature of the product.",0.03,0.06,0.1,,,,,,,,,,
278819,Lost Origin Booster Bundle,Lost Origin Booster Bundle,,,https://tcgplayer-cdn.tcgplayer.com/product/278819_200w.jpg,Normal,,3,3118,https://cpt.tcgcsv.com/pxf3,2023-01-25T13:56:10.867,1,"Includes six booster packs from Sword & Shield—Lost Origin
<br>Each Lost Origin booster pack contains 10 cards and either 1 basic Energy or 1 VSTAR marker. Cards vary by pack.",137.95,165.0,259.98,136.1,,0820650851469,,,,,,,
282000,Origin Forme Dialga VSTAR Premium Collection,Origin Forme Dialga VSTAR Premium Collection,,,https://tcgplayer-cdn.tcgplayer.com/product/282000_200w.jpg,Normal,,3,3118,https://cpt.tcgcsv.com/0Qg3,2022-10-07T04:03:31.737,1,"Origin Forme Dialga VSTAR wields colossal strength to bend time to its will, while Origin Forme Palkia VSTAR soars across the sky and twists the fabric of space! Appearing here in both playable and oversize versions, each ancient Legendary Pokémon boasts a potentially game-changing VSTAR Power. To round out this deluxe collection, the star Pokémon also appears as a Pokémon V, metal pin, and shimmering coin!
<br>
 Each Pokémon TCG: Origin Forme Pokémon VSTAR Premium Collection includes:
<br>
• 1 etched foil card featuring Origin Forme Dialga VSTAR or Origin Forme Palkia VSTAR
<br>
• 1 etched foil card featuring Origin Forme Dialga V or Origin Forme Palkia V
<br>
• 1 oversize foil card featuring Origin Forme Dialga VSTAR or Origin Forme Palkia VSTAR
<br>
• 1 pin featuring Origin Forme Dialga or Origin Forme Palkia
<br>
• 1 metallic coin featuring Origin Forme Dialga or Origin Forme Palkia
<br>
• 6 Pokémon TCG booster packs
<br>
• 1 acrylic VSTAR marker
<br>
• A code card for Pokémon TCG Live",86.96,115.0,150.0,77.66,,0820650871269,,,,,,,
282001,Origin Forme Palkia VSTAR Premium Collection,Origin Forme Palkia VSTAR Premium Collection,,,https://tcgplayer-cdn.tcgplayer.com/product/282001_200w.jpg,Normal,,3,3118,https://cpt.tcgcsv.com/2Qg3,2022-10-07T04:03:31.737,1,"Origin Forme Dialga VSTAR wields colossal strength to bend time to its will, while Origin Forme Palkia VSTAR soars across the sky and twists the fabric of space! Appearing here in both playable and oversize versions, each ancient Legendary Pokémon boasts a potentially game-changing VSTAR Power. To round out this deluxe collection, the star Pokémon also appears as a Pokémon V, metal pin, and shimmering coin!
<br>
 Each Pokémon TCG: Origin Forme Pokémon VSTAR Premium Collection includes:
<br>
• 1 etched foil card featuring Origin Forme Dialga VSTAR or Origin Forme Palkia VSTAR
<br>
• 1 etched foil card featuring Origin Forme Dialga V or Origin Forme Palkia V
<br>
• 1 oversize foil card featuring Origin Forme Dialga VSTAR or Origin Forme Palkia VSTAR
<br>
• 1 pin featuring Origin Forme Dialga or Origin Forme Palkia
<br>
• 1 metallic coin featuring Origin Forme Dialga or Origin Forme Palkia
<br>
• 6 Pokémon TCG booster packs
<br>
• 1 acrylic VSTAR marker
<br>
• A code card for Pokémon TCG Live",89.99,100.0,125.0,71.13,,0820650871269,,,,,,,
282005,Origin Forme Dialga/Palkia VSTAR Premium Collection [Set of 2],Origin Forme Dialga Palkia VSTAR Premium Collection Set of 2,,,https://tcgplayer-cdn.tcgplayer.com/product/282005_200w.jpg,Normal,,3,3118,https://cpt.tcgcsv.com/7Qg3,2022-10-07T04:03:31.737,1,"Origin Forme Dialga VSTAR wields colossal strength to bend time to its will, while Origin Forme Palkia VSTAR soars across the sky and twists the fabric of space! Appearing here in both playable and oversize versions, each ancient Legendary Pokémon boasts a potentially game-changing VSTAR Power. To round out this deluxe collection, the star Pokémon also appears as a Pokémon V, metal pin, and shimmering coin!
<br>
 Each Pokémon TCG: Origin Forme Pokémon VSTAR Premium Collection includes:
<br>
• 1 etched foil card featuring Origin Forme Dialga VSTAR or Origin Forme Palkia VSTAR
<br>
• 1 etched foil card featuring Origin Forme Dialga V or Origin Forme Palkia V
<br>
• 1 oversize foil card featuring Origin Forme Dialga VSTAR or Origin Forme Palkia VSTAR
<br>
• 1 pin featuring Origin Forme Dialga or Origin Forme Palkia
<br>
• 1 metallic coin featuring Origin Forme Dialga or Origin Forme Palkia
<br>
• 6 Pokémon TCG booster packs
<br>
• 1 acrylic VSTAR marker
<br>
• A code card for Pokémon TCG Live",180.0,181.0,194.99,174.29,,0820650871269,,,,,,,
282255,Aerodactyl VSTAR,Aerodactyl VSTAR,Fighting,VSTAR,https://tcgplayer-cdn.tcgplayer.com/product/282255_200w.jpg,Holofoil,Ultra Rare,3,3118,https://cpt.tcgcsv.com/7Wg3,2025-10-22T23:58:05.063,1,"<span style=""color:gold""><strong>VSTAR Power</strong></span>
<br>
[1] Ancient Star
<br>
Until this Pokémon leaves play, it gains an Ability that has the effect ""Your opponent's Pokémon V in play, except any Aerodactyl <em>VSTAR</em>, have no Abilities."" <em>(You can't use more than 1 VSTAR Power in a game.)</em>",0.7,1.46,29.95,1.34,1.98,,093/196,260,"[2F] Lost Dive (240)
<br>
Put the top 3 cards of your deck in the Lost Zone.",Gx2,2,,
282256,Hisuian Zoroark VSTAR,Hisuian Zoroark VSTAR,Colorless,VSTAR,https://tcgplayer-cdn.tcgplayer.com/product/282256_200w.jpg,Holofoil,Ultra Rare,3,3118,https://cpt.tcgcsv.com/8Wg3,2025-06-05T06:27:58.683,1,,0.65,1.25,89.0,1.07,0.96,,147/196,270,"[2] Ticking Curse (50x)
<br>
This attack does 50 damage for each of your Pokémon that has any damage counters on it.",Fx2,2,"<span style=""color:gold""><strong>VSTAR Power</span>
<br>
Ability — Phantom Star</strong>
<br>
During your turn, you may discard your hand and draw 7 cards. <em>(You can't use more than 1 VSTAR Power in a game.)</em>",
282257,Mirage Gate,Mirage Gate,Item,Trainer,https://tcgplayer-cdn.tcgplayer.com/product/282257_200w.jpg,Normal,Uncommon,3,3118,https://cpt.tcgcsv.com/9Wg3,2025-02-07T20:22:07.35,1,"You can use this card only if you have 7 or more cards in the Lost Zone.
<br>
Search your deck for up to 2 basic Energy cards of different types and attach them to your Pokémon in any way you like. Then, shuffle your deck.",0.01,0.15,30.0,0.08,0.05,,163/196,,,,,,
282257,Mirage Gate,Mirage Gate,Item,Trainer,https://tcgplayer-cdn.tcgplayer.com/product/282257_200w.jpg,Reverse Holofoil,Uncommon,3,3118,https://cpt.tcgcsv.com/9Wg3,2025-02-07T20:22:07.35,1,"You can use this card only if you have 7 or more cards in the Lost Zone.
<br>
Search your deck for up to 2 basic Energy cards of different types and attach them to your Pokémon in any way you like. Then, shuffle your deck.",0.09,0.34,6.95,0.26,,,163/196,,,,,,
282401,Sword & Shield Ultra-Premium Collection: Charizard,Sword and Shield Ultra Premium Collection Charizard,,,https://tcgplayer-cdn.tcgplayer.com/product/282401_200w.jpg,Normal,,3,3118,https://cpt.tcgcsv.com/2-g3,2022-10-28T04:03:09.683,1,"Celebrate the Sword & Shield Series and the era of Pokémon V, Pokémon VMAX, and Pokémon VSTAR with a hotshot who knows how to put all that power to good use! Charizard turns up the heat as a trio of promo cards with an etched foil treatment, and its Gigantamax form shows off blazing style on a playmat, metal coin, and set of card sleeves. Metal dice and condition markers round out this ultimate set of gameplay accessories. And as you open the huge stack of booster packs inside this box, take a journey through the Sword & Shield Series with an original booklet full of images and stats!
<br>
The Pokémon TCG: Sword & Shield Ultra-Premium Collection—Charizard includes:
<br>
• 3 etched foil promo cards: Charizard V, Charizard VMAX, and Charizard VSTAR
<br>
• 1 playmat featuring Gigantamax Charizard
<br>
• 65 card sleeves featuring Gigantamax Charizard
<br>
• 1 metal coin featuring Gigantamax Charizard
<br>
• 6 metal damage-counter dice
<br>
• 2 metal condition markers
<br>
• 1 acrylic VSTAR marker
<br>
• 16 Pokémon TCG booster packs from the Sword & Shield Series
<br>
• A player’s guide to the entire Sword & Shield Series
<br>
• A code card for Pokémon TCG Live",449.99,544.97,1500.0,486.8,,0820650871115,,,,,,,
282402,Hisuian Zoroark VSTAR Premium Collection,Hisuian Zoroark VSTAR Premium Collection,,,https://tcgplayer-cdn.tcgplayer.com/product/282402_200w.jpg,Normal,,3,3118,https://cpt.tcgcsv.com/3-g3,2022-10-28T04:03:09.81,1,"Unleash a Ticking Curse — with Hisuian Zoroark VSTAR!
<br>
Filled with spite and malice, Hisuian Zoroark uses illusions to confuse its opponents and play tricks on them, but it becomes an invaluable ally once you earn its trust. This Premium Collection is just what you need to get Hisuian Zoroark on your side as a Pokémon VSTAR, along with a copy of Hisuian Zoroark V to get it into play faster. You’ll also find an oversize version of Hisuian Zoroark VSTAR that’s suitable for display, a bunch of Pokémon TCG booster packs, and more!
<br>
The Pokémon TCG: Hisuian Zoroark VSTAR Premium Collection includes:
<br>
• 1 etched foil card featuring Hisuian Zoroark VSTAR
<br>
• 1 etched foil card featuring Hisuian Zoroark V
<br>
• 1 oversize foil card featuring Hisuian Zoroark VSTAR
<br>
• 6 Pokémon TCG booster packs
<br>
• 1 colorful Hisuian Zoroark pin
<br>
• 1 large metallic coin
<br>
• 1 acrylic VSTAR marker
<br>
• A code card for Pokémon TCG Live",140.0,290.0,290.95,98.18,,0820650871726,,,,,,,
282403,Pokemon Stacking Tin: Fighting,Pokemon Stacking Tin Fighting,,,https://tcgplayer-cdn.tcgplayer.com/product/282403_200w.jpg,,,3,3118,https://cpt.tcgcsv.com/5-g3,2022-10-28T04:03:09.95,1,"Stack 'Em High!
<br>
Choose a tin that matches your type: fierce Fighting type, scorching Fire type, or shadowy Darkness
type! This handy Pokémon TCG: Stacking Tin stacks neatly with others and contains:
<br>
• 3 Pokémon TCG booster packs
<br>
• 1 Pokémon coin",,,,,,0820650870804,,,,,,,
282404,Pokemon Stacking Tin: Fire,Pokemon Stacking Tin Fire,,,https://tcgplayer-cdn.tcgplayer.com/product/282404_200w.jpg,Normal,,3,3118,https://cpt.tcgcsv.com/6-g3,2022-10-28T04:03:09.95,1,"Stack 'Em High!
<br>
Choose a tin that matches your type: fierce Fighting type, scorching Fire type, or shadowy Darkness
type! This handy Pokémon TCG: Stacking Tin stacks neatly with others and contains:
<br>
• 3 Pokémon TCG booster packs
<br>
• 1 Pokémon coin",56.99,57.0,57.0,40.71,,0820650870804,,,,,,,
282405,Pokemon Stacking Tin: Darkness,Pokemon Stacking Tin Darkness,,,https://tcgplayer-cdn.tcgplayer.com/product/282405_200w.jpg,,,3,3118,https://cpt.tcgcsv.com/7-g3,2022-10-28T04:03:09.95,1,"Stack 'Em High!
<br>
Choose a tin that matches your type: fierce Fighting type, scorching Fire type, or shadowy Darkness
type! This handy Pokémon TCG: Stacking Tin stacks neatly with others and contains:
<br>
• 3 Pokémon TCG booster packs
<br>
• 1 Pokémon coin",,,,,,0820650870804,,,,,,,
282406,Pokemon Stacking Tins: Fighting-Fire-Darkness [Set of 3],Pokemon Stacking Tins Fighting Fire Darkness Set of 3,,,https://tcgplayer-cdn.tcgplayer.com/product/282406_200w.jpg,,,3,3118,https://cpt.tcgcsv.com/8-g3,2022-10-28T04:03:09.95,1,"Each Pokemon Stacking Tins [Set of 3] contains the following:
<br>• 1 Pokemon Stacking Tin: Fighting
<br>• 1 Pokemon Stacking Tin: Fire
<br>• 1 Pokemon Stacking Tin: Darkness
<br>
<br>These handy Pokémon TCG: Stacking Tins stack
neatly with others and contain:
<br>• 3 Pokemon TCG booster packs
<br>• 1 Pokemon coin",,,,,,0820650870804,,,,,,,
282407,Pokemon Stacking Tins: Fighting-Fire-Darkness Display,Pokemon Stacking Tins Fighting Fire Darkness Display,,,https://tcgplayer-cdn.tcgplayer.com/product/282407_200w.jpg,Normal,,3,3118,https://cpt.tcgcsv.com/9-g3,2022-10-28T04:03:09.95,1,"Each Pokemon Stacking Tins Display contains the following:
<br>• 2 Pokemon Stacking Tin: Fighting
<br>• 2 Pokemon Stacking Tin: Fire
<br>• 2 Pokemon Stacking Tin: Darkness
<br>
<br>These handy Pokémon TCG: Stacking Tins stack
neatly with others and contain:
<br>• 3 Pokemon TCG booster packs
<br>• 1 Pokemon coin",297.01,340.0,341.0,,,0820650870804,,,,,,,
283325,Arceus VSTAR Premium Collection,Arceus VSTAR Premium Collection,,,https://tcgplayer-cdn.tcgplayer.com/product/283325_200w.jpg,Normal,,3,3118,https://cpt.tcgcsv.com/wlh3,2022-09-30T04:03:17.69,1,"SUPERCHARGE YOUR GAME WITH ARCEUS VSTAR!
<br>
With the cosmos at its beck and call, Arceus VSTAR brings forth a bounty of cards and Energy with its powerful attacks! Add this Mythical Pokémon VSTAR to your deck along with Arceus V both featured here as ready-to-play foil cards. You'll also find an eye-catching oversize version of Arceus VSTAR for display, plus a huge stack of Pokémon TCG booster packs with even more treasures inside.
<br>
 THE POKÉMON TCG: ARCEUS VSTAR PREMIUM COLLECTION INCLUDES:
<br>
• 1 etched foil card featuring Arceus VSTAR
<br>
• 1 foil card featuring Arceus V
<br>
• 1 oversize foil card featuring Arceus VSTAR
<br>
• 10 Pokémon TCG booster packs
<br>
• 1 acrylic VSTAR marker
<br>
• A code cord for Pokémon TCG Live",199.99,262.5,900.0,190.66,,,,,,,,,
283371,Code Card - Origin Forme Dialga VSTAR Premium Collection,Code Card Origin Forme Dialga VSTAR Premium Collection,,,https://tcgplayer-cdn.tcgplayer.com/product/283371_200w.jpg,Normal,Code Card,3,3118,https://cpt.tcgcsv.com/rmh3,2022-10-07T04:03:31.737,1,"This listing is <strong>not</strong> a physical item. Please keep in mind that this <strong>Code Card</strong> listing represents a digital copy of the stated item for the Pokémon TCG Online <strong>and/or</strong> the Pokémon TCG Live games. You may receive the physical <strong>Code Card</strong>. Upon purchase, please work with your specific Seller by sending them a message using the <strong>Contact Seller</strong> button on the order details in your <a href=https://store.tcgplayer.com/myaccount/orderhistory>Order History</a> to opt in to having your <strong>Code Card</strong> code delivered digitally due to the nature of the product.",0.14,0.28,2.5,0.28,,,,,,,,,
283372,Code Card - Origin Forme Palkia VSTAR Premium Collection,Code Card Origin Forme Palkia VSTAR Premium Collection,,,https://tcgplayer-cdn.tcgplayer.com/product/283372_200w.jpg,Normal,Code Card,3,3118,https://cpt.tcgcsv.com/smh3,2022-10-07T04:03:31.737,1,"This listing is <strong>not</strong> a physical item. Please keep in mind that this <strong>Code Card</strong> listing represents a digital copy of the stated item for the Pokémon TCG Online <strong>and/or</strong> the Pokémon TCG Live games. You may receive the physical <strong>Code Card</strong>. Upon purchase, please work with your specific Seller by sending them a message using the <strong>Contact Seller</strong> button on the order details in your <a href=https://store.tcgplayer.com/myaccount/orderhistory>Order History</a> to opt in to having your <strong>Code Card</strong> code delivered digitally due to the nature of the product.",0.17,0.69,8.95,0.35,,,,,,,,,
283861,Oddish,Oddish,Grass,Basic,https://tcgplayer-cdn.tcgplayer.com/product/283861_200w.jpg,Normal,Common,3,3118,https://cpt.tcgcsv.com/fzh3,2026-02-05T17:06:11.653,1,,0.01,0.11,20.0,0.11,,,001/196,50,[1G] Ram (30),Rx2,1,,
283861,Oddish,Oddish,Grass,Basic,https://tcgplayer-cdn.tcgplayer.com/product/283861_200w.jpg,Reverse Holofoil,Common,3,3118,https://cpt.tcgcsv.com/fzh3,2026-02-05T17:06:11.653,1,,0.05,0.2,2.0,0.16,,,001/196,50,[1G] Ram (30),Rx2,1,,
283862,Gloom,Gloom,Grass,Stage 1,https://tcgplayer-cdn.tcgplayer.com/product/283862_200w.jpg,Reverse Holofoil,Uncommon,3,3118,https://cpt.tcgcsv.com/gzh3,2024-10-15T15:48:33.333,1,,0.1,0.35,1.49,0.35,0.26,,002/196,80,[1G] Absorb (30),Rx2,2,,
283862,Gloom,Gloom,Grass,Stage 1,https://tcgplayer-cdn.tcgplayer.com/product/283862_200w.jpg,Normal,Uncommon,3,3118,https://cpt.tcgcsv.com/gzh3,2024-10-15T15:48:33.333,1,,0.01,0.15,20.0,0.13,0.05,,002/196,80,[1G] Absorb (30),Rx2,2,,
283865,Vileplume,Vileplume,Grass,Stage 2,https://tcgplayer-cdn.tcgplayer.com/product/283865_200w.jpg,Reverse Holofoil,Holo Rare,3,3118,https://cpt.tcgcsv.com/kzh3,2025-02-07T20:22:07.443,1,,0.04,0.27,50.0,0.28,,,003/196,150,"[1G] Mega Drain (50)
<br>
Heal 30 damage from this Pokémon.",Rx2,2,"[2G] Allergy Storm (90)
<br>
Flip a coin. If heads, during your opponent's next turn, they can't play any Supporter cards from their hand. If tails, during your opponent's next turn, they can't play any Item cards from their hand.",
283865,Vileplume,Vileplume,Grass,Stage 2,https://tcgplayer-cdn.tcgplayer.com/product/283865_200w.jpg,Holofoil,Holo Rare,3,3118,https://cpt.tcgcsv.com/kzh3,2025-02-07T20:22:07.443,1,,0.07,0.26,5.0,0.26,,,003/196,150,"[1G] Mega Drain (50)
<br>
Heal 30 damage from this Pokémon.",Rx2,2,"[2G] Allergy Storm (90)
<br>
Flip a coin. If heads, during your opponent's next turn, they can't play any Supporter cards from their hand. If tails, during your opponent's next turn, they can't play any Item cards from their hand.",
283866,Paras,Paras,Grass,Basic,https://tcgplayer-cdn.tcgplayer.com/product/283866_200w.jpg,Normal,Common,3,3118,https://cpt.tcgcsv.com/lzh3,2025-02-07T20:22:07.507,1,,0.01,0.1,20.0,0.08,,,004/196,70,[1G] Absorb (20),Rx2,1,,
283866,Paras,Paras,Grass,Basic,https://tcgplayer-cdn.tcgplayer.com/product/283866_200w.jpg,Reverse Holofoil,Common,3,3118,https://cpt.tcgcsv.com/lzh3,2025-02-07T20:22:07.507,1,,0.05,0.22,1.49,0.19,,,004/196,70,[1G] Absorb (20),Rx2,1,,
283868,Parasect,Parasect,Grass,Stage 1,https://tcgplayer-cdn.tcgplayer.com/product/283868_200w.jpg,Reverse Holofoil,Rare,3,3118,https://cpt.tcgcsv.com/nzh3,2026-02-05T17:06:42.68,1,<strong>Ability — Lethargy Spores</strong>,0.04,0.2,40.0,0.15,,,005/196,120,"[1G] X-Scissor (50+)
<br>
Flip a coin. If heads this attack does 50 more damage.",Rx2,2,,
283868,Parasect,Parasect,Grass,Stage 1,https://tcgplayer-cdn.tcgplayer.com/product/283868_200w.jpg,Normal,Rare,3,3118,https://cpt.tcgcsv.com/nzh3,2026-02-05T17:06:42.68,1,<strong>Ability — Lethargy Spores</strong>,0.01,0.15,20.0,0.1,,,005/196,120,"[1G] X-Scissor (50+)
<br>
Flip a coin. If heads this attack does 50 more damage.",Rx2,2,,
283870,Wurmple,Wurmple,Grass,Basic,https://tcgplayer-cdn.tcgplayer.com/product/283870_200w.jpg,Reverse Holofoil,Common,3,3118,https://cpt.tcgcsv.com/qzh3,2026-02-05T15:51:44.857,1,,0.02,0.2,2.49,0.15,0.14,,006/196,60,[G] Sting (10),Rx2,1,"[GGG] Creepy-Crawly Congregation
<br>
Search your deck for any number of Wurmple, Silcoon, Beautifly, Cascoon, and Dustox, reveal them, and put them into your hand. Then, shuffle your deck.",
283870,Wurmple,Wurmple,Grass,Basic,https://tcgplayer-cdn.tcgplayer.com/product/283870_200w.jpg,Normal,Common,3,3118,https://cpt.tcgcsv.com/qzh3,2026-02-05T15:51:44.857,1,,0.01,0.12,20.0,0.1,0.05,,006/196,60,[G] Sting (10),Rx2,1,"[GGG] Creepy-Crawly Congregation
<br>
Search your deck for any number of Wurmple, Silcoon, Beautifly, Cascoon, and Dustox, reveal them, and put them into your hand. Then, shuffle your deck.",
283871,Silcoon,Silcoon,Grass,Stage 1,https://tcgplayer-cdn.tcgplayer.com/product/283871_200w.jpg,Reverse Holofoil,Uncommon,3,3118,https://cpt.tcgcsv.com/rzh3,2025-02-07T20:22:07.69,1,,0.04,0.2,50.0,0.17,,,007/196,80,"[G] Entangling String
<br>
Flip a coin. If heads, during your opponent's next turn, the Defending Pokémon can't attack.",Rx2,3,[1G] Ram (30),
283871,Silcoon,Silcoon,Grass,Stage 1,https://tcgplayer-cdn.tcgplayer.com/product/283871_200w.jpg,Normal,Uncommon,3,3118,https://cpt.tcgcsv.com/rzh3,2025-02-07T20:22:07.69,1,,0.01,0.12,20.0,0.11,,,007/196,80,"[G] Entangling String
<br>
Flip a coin. If heads, during your opponent's next turn, the Defending Pokémon can't attack.",Rx2,3,[1G] Ram (30),
283872,Beautifly,Beautifly,Grass,Stage 2,https://tcgplayer-cdn.tcgplayer.com/product/283872_200w.jpg,Reverse Holofoil,Holo Rare,3,3118,https://cpt.tcgcsv.com/szh3,2025-02-07T20:22:07.77,1,"<strong>Ability — Stoked Straw</strong>
<br>
Once during your turn, you may draw cards until you have 6 cards in your hand.",0.1,0.34,6.95,0.34,,,008/196,130,"[1G] Mega Drain (70)
<br>
Heal 30 damage from this Pokémon.",Rx2,1,,
283872,Beautifly,Beautifly,Grass,Stage 2,https://tcgplayer-cdn.tcgplayer.com/product/283872_200w.jpg,Holofoil,Holo Rare,3,3118,https://cpt.tcgcsv.com/szh3,2025-02-07T20:22:07.77,1,"<strong>Ability — Stoked Straw</strong>
<br>
Once during your turn, you may draw cards until you have 6 cards in your hand.",0.15,0.33,6.95,0.33,,,008/196,130,"[1G] Mega Drain (70)
<br>
Heal 30 damage from this Pokémon.",Rx2,1,,
283873,Cascoon,Cascoon,Grass,Stage 1,https://tcgplayer-cdn.tcgplayer.com/product/283873_200w.jpg,Reverse Holofoil,Uncommon,3,3118,https://cpt.tcgcsv.com/tzh3,2025-02-07T20:22:07.833,1,,0.03,0.2,2.0,0.2,,,009/196,80,"[G] Harden
<br>
During your opponent's next turn, prevent all damage done to this Pokémon by attacks if that damage is 60 or less.",Rx2,3,[2] Rolling Tackle (20),
283873,Cascoon,Cascoon,Grass,Stage 1,https://tcgplayer-cdn.tcgplayer.com/product/283873_200w.jpg,Normal,Uncommon,3,3118,https://cpt.tcgcsv.com/tzh3,2025-02-07T20:22:07.833,1,,0.01,0.11,20.0,0.11,,,009/196,80,"[G] Harden
<br>
During your opponent's next turn, prevent all damage done to this Pokémon by attacks if that damage is 60 or less.",Rx2,3,[2] Rolling Tackle (20),
283874,Dustox,Dustox,Grass,Stage 2,https://tcgplayer-cdn.tcgplayer.com/product/283874_200w.jpg,Reverse Holofoil,Rare,3,3118,https://cpt.tcgcsv.com/vzh3,2025-02-07T20:22:07.927,1,,0.04,0.22,2.47,0.17,,,010/196,140,"[2] Nadir Powder
<br>
Your opponent's Active Pokémon is now Confused and Poisoned. During Pokémon Checkup, put 8 damage counters on that Pokémon instead of 1.",Rx2,1,[2G] Cutting Wind (110),
283874,Dustox,Dustox,Grass,Stage 2,https://tcgplayer-cdn.tcgplayer.com/product/283874_200w.jpg,Normal,Rare,3,3118,https://cpt.tcgcsv.com/vzh3,2025-02-07T20:22:07.927,1,,0.02,0.17,2.35,0.16,,,010/196,140,"[2] Nadir Powder
<br>
Your opponent's Active Pokémon is now Confused and Poisoned. During Pokémon Checkup, put 8 damage counters on that Pokémon instead of 1.",Rx2,1,[2G] Cutting Wind (110),
283875,Seedot,Seedot,Grass,Basic,https://tcgplayer-cdn.tcgplayer.com/product/283875_200w.jpg,Normal,Common,3,3118,https://cpt.tcgcsv.com/wzh3,2026-02-05T15:46:37.4,1,,0.01,0.14,30.0,0.13,,,011/196,50,"[G] Absorb (10)
<br>
Heal 10 damage from this Pokémon.",Rx2,1,,
283875,Seedot,Seedot,Grass,Basic,https://tcgplayer-cdn.tcgplayer.com/product/283875_200w.jpg,Reverse Holofoil,Common,3,3118,https://cpt.tcgcsv.com/wzh3,2026-02-05T15:46:37.4,1,,0.12,0.32,2.0,0.32,0.17,,011/196,50,"[G] Absorb (10)
<br>
Heal 10 damage from this Pokémon.",Rx2,1,,
283877,Nuzleaf,Nuzleaf,Grass,Stage 1,https://tcgplayer-cdn.tcgplayer.com/product/283877_200w.jpg,Normal,Uncommon,3,3118,https://cpt.tcgcsv.com/zzh3,2025-02-07T20:22:08.017,1,,0.01,0.1,20.0,0.04,0.03,,012/196,80,[G] Push Down (30),Rx2,2,,
283877,Nuzleaf,Nuzleaf,Grass,Stage 1,https://tcgplayer-cdn.tcgplayer.com/product/283877_200w.jpg,Reverse Holofoil,Uncommon,3,3118,https://cpt.tcgcsv.com/zzh3,2025-02-07T20:22:08.017,1,,0.01,0.17,2.0,0.13,,,012/196,80,[G] Push Down (30),Rx2,2,,
283879,Shiftry,Shiftry,Grass,Stage 2,https://tcgplayer-cdn.tcgplayer.com/product/283879_200w.jpg,Holofoil,Holo Rare,3,3118,https://cpt.tcgcsv.com/Czh3,2025-02-07T20:22:08.327,1,,0.08,0.21,40.0,0.18,,,013/196,160,"[G] Fan Tornado (50)
<br>
You may have your opponent switch their Active Pokémon with 1 of their Benched Pokémon.",Rx2,2,"[G] Tearing Gust (210)
<br>
Put this Pokémon and all attached cards in the Lost Zone.",
283879,Shiftry,Shiftry,Grass,Stage 2,https://tcgplayer-cdn.tcgplayer.com/product/283879_200w.jpg,Reverse Holofoil,Holo Rare,3,3118,https://cpt.tcgcsv.com/Czh3,2025-02-07T20:22:08.327,1,,0.1,0.25,2.0,0.24,,,013/196,160,"[G] Fan Tornado (50)
<br>
You may have your opponent switch their Active Pokémon with 1 of their Benched Pokémon.",Rx2,2,"[G] Tearing Gust (210)
<br>
Put this Pokémon and all attached cards in the Lost Zone.",
283881,Roselia,Roselia,Grass,Basic,https://tcgplayer-cdn.tcgplayer.com/product/283881_200w.jpg,Normal,Common,3,3118,https://cpt.tcgcsv.com/Fzh3,2026-02-05T15:46:03.283,1,,0.01,0.1,20.0,0.07,,,014/196,70,"[G] Soothing Scent
<br>
Your opponent's Active Pokémon is now Asleep.",Rx2,1,,
283881,Roselia,Roselia,Grass,Basic,https://tcgplayer-cdn.tcgplayer.com/product/283881_200w.jpg,Reverse Holofoil,Common,3,3118,https://cpt.tcgcsv.com/Fzh3,2026-02-05T15:46:03.283,1,,0.04,0.2,2.0,0.18,,,014/196,70,"[G] Soothing Scent
<br>
Your opponent's Active Pokémon is now Asleep.",Rx2,1,,
283882,Roserade,Roserade,Grass,Stage 1,https://tcgplayer-cdn.tcgplayer.com/product/283882_200w.jpg,Normal,Uncommon,3,3118,https://cpt.tcgcsv.com/Gzh3,2025-11-25T21:14:10.567,1,,0.01,0.12,1.49,0.12,,,015/196,120,"[G] Poisonous Whip (30)
<br>
Your opponent's Active Pokémon is now Poisoned.",Rx2,1,"[1G] Assassin's Rose (60)
<br>
If your opponent's Active Pokémon is affected by a Special Condition, this attack also does 60 damage to 1 of your opponent's Benched Pokémon. <em>(Don't apply Weakness and Resistance for Benched Pokémon.)</em>",
283882,Roserade,Roserade,Grass,Stage 1,https://tcgplayer-cdn.tcgplayer.com/product/283882_200w.jpg,Reverse Holofoil,Uncommon,3,3118,https://cpt.tcgcsv.com/Gzh3,2025-11-25T21:14:10.567,1,,0.03,0.2,40.0,0.14,0.13,,015/196,120,"[G] Poisonous Whip (30)
<br>
Your opponent's Active Pokémon is now Poisoned.",Rx2,1,"[1G] Assassin's Rose (60)
<br>
If your opponent's Active Pokémon is affected by a Special Condition, this attack also does 60 damage to 1 of your opponent's Benched Pokémon. <em>(Don't apply Weakness and Resistance for Benched Pokémon.)</em>",
283883,Phantump,Phantump,Grass,Basic,https://tcgplayer-cdn.tcgplayer.com/product/283883_200w.jpg,Reverse Holofoil,Common,3,3118,https://cpt.tcgcsv.com/Hzh3,2026-02-05T17:07:17.16,1,,0.05,0.26,30.0,0.26,,,016/196,70,[1] Hook (10),Rx2,2,,
283883,Phantump,Phantump,Grass,Basic,https://tcgplayer-cdn.tcgplayer.com/product/283883_200w.jpg,Normal,Common,3,3118,https://cpt.tcgcsv.com/Hzh3,2026-02-05T17:07:17.16,1,,0.01,0.11,20.0,0.12,0.03,,016/196,70,[1] Hook (10),Rx2,2,,
283884,Trevenant,Trevenant,Grass,Stage 1,https://tcgplayer-cdn.tcgplayer.com/product/283884_200w.jpg,Reverse Holofoil,Holo Rare,3,3118,https://cpt.tcgcsv.com/Jzh3,2025-02-07T20:22:08.58,1,"<strong>Ability — Elder Tree Barrier</strong>
<br>
If this Pokémon is Knocked Out by damage from an attack from your opponent's Pokémon V, your opponent can't take any Prize cards for it.",0.03,0.2,9.95,0.11,0.12,,017/196,120,"[1GG] Giga Impact (150)
<br>
During your next turn, this Pokémon can't attack.",Rx2,3,,
283884,Trevenant,Trevenant,Grass,Stage 1,https://tcgplayer-cdn.tcgplayer.com/product/283884_200w.jpg,Holofoil,Holo Rare,3,3118,https://cpt.tcgcsv.com/Jzh3,2025-02-07T20:22:08.58,1,"<strong>Ability — Elder Tree Barrier</strong>
<br>
If this Pokémon is Knocked Out by damage from an attack from your opponent's Pokémon V, your opponent can't take any Prize cards for it.",0.04,0.22,9.95,0.19,,,017/196,120,"[1GG] Giga Impact (150)
<br>
During your next turn, this Pokémon can't attack.",Rx2,3,,
283885,Blipbug,Blipbug,Grass,Basic,https://tcgplayer-cdn.tcgplayer.com/product/283885_200w.jpg,Reverse Holofoil,Common,3,3118,https://cpt.tcgcsv.com/Kzh3,2026-02-05T16:10:12.12,1,,0.03,0.24,2.0,0.23,0.23,,018/196,50,[1G] Gnaw (30),Rx2,1,,
283885,Blipbug,Blipbug,Grass,Basic,https://tcgplayer-cdn.tcgplayer.com/product/283885_200w.jpg,Normal,Common,3,3118,https://cpt.tcgcsv.com/Kzh3,2026-02-05T16:10:12.12,1,,0.01,0.14,20.0,0.12,,,018/196,50,[1G] Gnaw (30),Rx2,1,,
283887,Dottler,Dottler,Grass,Stage 1,https://tcgplayer-cdn.tcgplayer.com/product/283887_200w.jpg,Normal,Uncommon,3,3118,https://cpt.tcgcsv.com/Mzh3,2025-11-21T21:32:18.19,1,,0.01,0.1,20.0,0.06,0.01,,019/196,80,"[1G] Barrier Attack (30)
<br>
During your opponent's next turn, this Pokémon takes 30 less damage from attacks <em>(after applying Weakness and Resistance)</em>.",Rx2,2,,
283887,Dottler,Dottler,Grass,Stage 1,https://tcgplayer-cdn.tcgplayer.com/product/283887_200w.jpg,Reverse Holofoil,Uncommon,3,3118,https://cpt.tcgcsv.com/Mzh3,2025-11-21T21:32:18.19,1,,0.03,0.17,2.0,0.14,0.1,,019/196,80,"[1G] Barrier Attack (30)
<br>
During your opponent's next turn, this Pokémon takes 30 less damage from attacks <em>(after applying Weakness and Resistance)</em>.",Rx2,2,,
283890,Orbeetle,Orbeetle,Grass,Stage 2,https://tcgplayer-cdn.tcgplayer.com/product/283890_200w.jpg,Reverse Holofoil,Holo Rare,3,3118,https://cpt.tcgcsv.com/Qzh3,2025-02-07T20:22:08.627,1,"<strong>Ability — Jamming Attachment</strong>
<br>
When you play this Pokémon from your hand to evolve 1 of your Pokémon during your turn, you may attach up to 3 Energy cards from your opponent's discard pile to your opponent's Pokémon in any way you like.",0.05,0.24,2.95,0.18,,,020/196,110,"[2] Mysterious Wave (30+)
<br>
This attack does 50 more for each Energy attached to your opponent's Active Pokémon.",Rx2,1,,
283890,Orbeetle,Orbeetle,Grass,Stage 2,https://tcgplayer-cdn.tcgplayer.com/product/283890_200w.jpg,Holofoil,Holo Rare,3,3118,https://cpt.tcgcsv.com/Qzh3,2025-02-07T20:22:08.627,1,"<strong>Ability — Jamming Attachment</strong>
<br>
When you play this Pokémon from your hand to evolve 1 of your Pokémon during your turn, you may attach up to 3 Energy cards from your opponent's discard pile to your opponent's Pokémon in any way you like.",0.05,0.2,5.0,0.17,,,020/196,110,"[2] Mysterious Wave (30+)
<br>
This attack does 50 more for each Energy attached to your opponent's Active Pokémon.",Rx2,1,,
283892,Slugma,Slugma,Fire,Basic,https://tcgplayer-cdn.tcgplayer.com/product/283892_200w.jpg,Normal,Common,3,3118,https://cpt.tcgcsv.com/Szh3,2025-02-07T20:22:08.697,1,,0.01,0.1,20.0,0.05,,,021/196,70,"[R] Draw In
<br>
Attach a Fire Energy card from your discard pile to this Pokémon.",Wx2,2,[1RR] Combustion (50),
283892,Slugma,Slugma,Fire,Basic,https://tcgplayer-cdn.tcgplayer.com/product/283892_200w.jpg,Reverse Holofoil,Common,3,3118,https://cpt.tcgcsv.com/Szh3,2025-02-07T20:22:08.697,1,,0.09,0.25,2.0,0.24,,,021/196,70,"[R] Draw In
<br>
Attach a Fire Energy card from your discard pile to this Pokémon.",Wx2,2,[1RR] Combustion (50),
283893,Magcargo,Magcargo,Fire,Stage 1,https://tcgplayer-cdn.tcgplayer.com/product/283893_200w.jpg,Normal,Rare,3,3118,https://cpt.tcgcsv.com/Tzh3,2025-11-25T21:12:03.91,1,,0.01,0.15,20.0,0.11,0.06,,022/196,130,[R] Flare (30),Wx2,3,"[1RR] Lost Volcano (220)
<br>
Put all Energy attached to this Pokémon in the Lost Zone.",
283893,Magcargo,Magcargo,Fire,Stage 1,https://tcgplayer-cdn.tcgplayer.com/product/283893_200w.jpg,Reverse Holofoil,Rare,3,3118,https://cpt.tcgcsv.com/Tzh3,2025-11-25T21:12:03.91,1,,0.1,0.24,2.0,0.16,,,022/196,130,[R] Flare (30),Wx2,3,"[1RR] Lost Volcano (220)
<br>
Put all Energy attached to this Pokémon in the Lost Zone.",
283894,Torkoal,Torkoal,Fire,Basic,https://tcgplayer-cdn.tcgplayer.com/product/283894_200w.jpg,Normal,Uncommon,3,3118,https://cpt.tcgcsv.com/Vzh3,2025-02-07T20:22:08.787,1,,0.01,0.1,20.0,0.1,,,023/196,110,[1R] Stampede (30),Wx2,2,"[3R] Flamethrower (130)
<br>
Discard an Energy from this Pokémon.",
283894,Torkoal,Torkoal,Fire,Basic,https://tcgplayer-cdn.tcgplayer.com/product/283894_200w.jpg,Reverse Holofoil,Uncommon,3,3118,https://cpt.tcgcsv.com/Vzh3,2025-02-07T20:22:08.787,1,,0.01,0.17,2.0,0.16,0.06,,023/196,110,[1R] Stampede (30),Wx2,2,"[3R] Flamethrower (130)
<br>
Discard an Energy from this Pokémon.",
283895,Litwick,Litwick,Fire,Basic,https://tcgplayer-cdn.tcgplayer.com/product/283895_200w.jpg,Normal,Common,3,3118,https://cpt.tcgcsv.com/Wzh3,2026-02-05T16:19:54.723,1,,0.01,0.12,20.0,0.12,0.01,,024/196,60,"[R] Kindling Panic
<br>
Discard the top card of your opponent's deck.",Wx2,1,,
283895,Litwick,Litwick,Fire,Basic,https://tcgplayer-cdn.tcgplayer.com/product/283895_200w.jpg,Reverse Holofoil,Common,3,3118,https://cpt.tcgcsv.com/Wzh3,2026-02-05T16:19:54.723,1,,0.06,0.25,2.39,0.22,0.15,,024/196,60,"[R] Kindling Panic
<br>
Discard the top card of your opponent's deck.",Wx2,1,,
283896,Lampent,Lampent,Fire,Stage 1,https://tcgplayer-cdn.tcgplayer.com/product/283896_200w.jpg,Normal,Uncommon,3,3118,https://cpt.tcgcsv.com/Xzh3,2026-02-05T16:19:03.417,1,,0.01,0.12,19.98,0.12,0.01,,025/196,80,"[R] Flickering Glow (20)
<br>
Flip a coin. If heads, discard an Energy from your opponent's Active Pokémon.",Wx2,1,,
283896,Lampent,Lampent,Fire,Stage 1,https://tcgplayer-cdn.tcgplayer.com/product/283896_200w.jpg,Reverse Holofoil,Uncommon,3,3118,https://cpt.tcgcsv.com/Xzh3,2026-02-05T16:19:03.417,1,,0.03,0.19,40.0,0.15,0.1,,025/196,80,"[R] Flickering Glow (20)
<br>
Flip a coin. If heads, discard an Energy from your opponent's Active Pokémon.",Wx2,1,,
283897,Chandelure,Chandelure,Fire,Stage 2,https://tcgplayer-cdn.tcgplayer.com/product/283897_200w.jpg,Reverse Holofoil,Holo Rare,3,3118,https://cpt.tcgcsv.com/Zzh3,2025-02-07T20:22:09.1,1,"<strong>Ability — Mountain Roasting</strong>
<br>
When you play this Pokémon from your hand to evolve 1 of your Pokémon during your turn, you may discard the top 3 cards of your opponent's deck.",0.05,0.23,2.0,0.2,,,026/196,150,[1R] Heat Blast (90),Wx2,2,,
283897,Chandelure,Chandelure,Fire,Stage 2,https://tcgplayer-cdn.tcgplayer.com/product/283897_200w.jpg,Holofoil,Holo Rare,3,3118,https://cpt.tcgcsv.com/Zzh3,2025-02-07T20:22:09.1,1,"<strong>Ability — Mountain Roasting</strong>
<br>
When you play this Pokémon from your hand to evolve 1 of your Pokémon during your turn, you may discard the top 3 cards of your opponent's deck.",0.04,0.24,25.0,0.16,,,026/196,150,[1R] Heat Blast (90),Wx2,2,,
283898,Delphox V,Delphox V,Fire,Basic,https://tcgplayer-cdn.tcgplayer.com/product/283898_200w.jpg,Holofoil,Ultra Rare,3,3118,https://cpt.tcgcsv.com/-zh3,2024-10-15T15:48:33.793,1,,0.3,0.97,501.5,0.7,0.8,,027/196,210,"[R] Eerie Glow
<br>
Your opponent's Active Pokémon is now Burned and Confused.",Wx2,2,"[1RR] Magical Fire (120)
<br>
Put 2 Energy attached to this Pokémon in the Lost Zone. This attack also does 120 damage to 1 of your opponent's Benched Pokémon. <em>(Don't apply Weakness and Resistance for Benched Pokémon.)</em>",
283899,Litleo,Litleo,Fire,Basic,https://tcgplayer-cdn.tcgplayer.com/product/283899_200w.jpg,Normal,Common,3,3118,https://cpt.tcgcsv.com/_zh3,2025-02-07T20:22:09.197,1,,0.01,0.1,20.0,0.1,,,028/196,70,"[R] Singe
<br>
Your opponent's Active Pokémon is now Burned.",Wx2,2,,
283899,Litleo,Litleo,Fire,Basic,https://tcgplayer-cdn.tcgplayer.com/product/283899_200w.jpg,Reverse Holofoil,Common,3,3118,https://cpt.tcgcsv.com/_zh3,2025-02-07T20:22:09.197,1,,0.13,0.25,1.49,0.22,,,028/196,70,"[R] Singe
<br>
Your opponent's Active Pokémon is now Burned.",Wx2,2,,
283901,Pyroar,Pyroar,Fire,Stage 1,https://tcgplayer-cdn.tcgplayer.com/product/283901_200w.jpg,Reverse Holofoil,Holo Rare,3,3118,https://cpt.tcgcsv.com/2Bh3,2025-02-07T20:22:09.293,1,"<strong>Ability — Scorching Aura</strong>
<br>
During Pokémon Checkup, put 4 damage counters on your opponent's Burned Pokémon instead of 2.",0.1,0.25,40.0,0.21,,,029/196,120,"[2R] Fire Fang (90)
<br>
Flip a coin. If heads, your opponent's Active Pokémon is now Burned.",Wx2,2,,
283901,Pyroar,Pyroar,Fire,Stage 1,https://tcgplayer-cdn.tcgplayer.com/product/283901_200w.jpg,Holofoil,Holo Rare,3,3118,https://cpt.tcgcsv.com/2Bh3,2025-02-07T20:22:09.293,1,"<strong>Ability — Scorching Aura</strong>
<br>
During Pokémon Checkup, put 4 damage counters on your opponent's Burned Pokémon instead of 2.",0.05,0.25,30.0,0.18,,,029/196,120,"[2R] Fire Fang (90)
<br>
Flip a coin. If heads, your opponent's Active Pokémon is now Burned.",Wx2,2,,
283903,Poliwag,Poliwag,Water,Basic,https://tcgplayer-cdn.tcgplayer.com/product/283903_200w.jpg,Reverse Holofoil,Common,3,3118,https://cpt.tcgcsv.com/5Bh3,2026-02-05T15:41:33.817,1,,0.04,0.19,2.0,0.15,,,030/196,60,"[W] Splashing Dodge (10)
<br>
Flip a coin. If heads, during your opponent's next turn, prevent all damage from and effects of attacks done to this Pokémon.",Lx2,1,,
283903,Poliwag,Poliwag,Water,Basic,https://tcgplayer-cdn.tcgplayer.com/product/283903_200w.jpg,Normal,Common,3,3118,https://cpt.tcgcsv.com/5Bh3,2026-02-05T15:41:33.817,1,,0.01,0.1,20.0,0.09,,,030/196,60,"[W] Splashing Dodge (10)
<br>
Flip a coin. If heads, during your opponent's next turn, prevent all damage from and effects of attacks done to this Pokémon.",Lx2,1,,
283904,Poliwhirl,Poliwhirl,Water,Stage 1,https://tcgplayer-cdn.tcgplayer.com/product/283904_200w.jpg,Normal,Uncommon,3,3118,https://cpt.tcgcsv.com/6Bh3,2025-02-07T20:22:09.45,1,,0.01,0.14,20.0,0.14,0.06,,031/196,90,[2] Light Punch (30),Lx2,2,"[2W] Double Smash (50x)
<br>
Flip 2 coins. This attack does 50 damage for each heads.",
283904,Poliwhirl,Poliwhirl,Water,Stage 1,https://tcgplayer-cdn.tcgplayer.com/product/283904_200w.jpg,Reverse Holofoil,Uncommon,3,3118,https://cpt.tcgcsv.com/6Bh3,2025-02-07T20:22:09.45,1,,0.07,0.22,2.0,0.16,0.15,,031/196,90,[2] Light Punch (30),Lx2,2,"[2W] Double Smash (50x)
<br>
Flip 2 coins. This attack does 50 damage for each heads.",
283905,Politoed,Politoed,Water,Stage 2,https://tcgplayer-cdn.tcgplayer.com/product/283905_200w.jpg,Reverse Holofoil,Rare,3,3118,https://cpt.tcgcsv.com/7Bh3,2025-10-31T18:25:14.093,1,,0.06,0.34,9.99,0.35,,,032/196,140,"[2] Lordly Songleader (10+)
<br>
If Poliwag is on your Bench, this attack does 60 more damage. If Poliwhirl is on your Bench, this attack does 90 more damage. If Poliwrath is on your Bench, this attack does 120 more damage.",Lx2,2,[2W] Hydro Splash (100),
283905,Politoed,Politoed,Water,Stage 2,https://tcgplayer-cdn.tcgplayer.com/product/283905_200w.jpg,Normal,Rare,3,3118,https://cpt.tcgcsv.com/7Bh3,2025-10-31T18:25:14.093,1,,0.05,0.26,20.0,0.29,0.15,,032/196,140,"[2] Lordly Songleader (10+)
<br>
If Poliwag is on your Bench, this attack does 60 more damage. If Poliwhirl is on your Bench, this attack does 90 more damage. If Poliwrath is on your Bench, this attack does 120 more damage.",Lx2,2,[2W] Hydro Splash (100),
283906,Seel,Seel,Water,Basic,https://tcgplayer-cdn.tcgplayer.com/product/283906_200w.jpg,Reverse Holofoil,Common,3,3118,https://cpt.tcgcsv.com/8Bh3,2025-11-25T21:16:07.307,1,,0.09,0.25,2.0,0.2,,,033/196,70,[W] Headbutt (10),Lx2,1,[1W] Rain Splash (20),
283906,Seel,Seel,Water,Basic,https://tcgplayer-cdn.tcgplayer.com/product/283906_200w.jpg,Normal,Common,3,3118,https://cpt.tcgcsv.com/8Bh3,2025-11-25T21:16:07.307,1,,0.01,0.1,20.0,0.08,,,033/196,70,[W] Headbutt (10),Lx2,1,[1W] Rain Splash (20),
283908,Dewgong,Dewgong,Water,Stage 1,https://tcgplayer-cdn.tcgplayer.com/product/283908_200w.jpg,Normal,Rare,3,3118,https://cpt.tcgcsv.com/bBh3,2025-02-07T20:22:09.69,1,,0.03,0.15,20.0,0.14,0.07,,034/196,120,"[W] Swim Freely (10)
<br>
Flip a coin. If heads, during your opponent's next turn, prevent all damage from and effects of attacks done to this Pokémon.",Lx2,2,"[2] Floe Return (40x)
<br>
Shuffle any amount of Water Energy from your Pokémon into your deck. This attack does 40 damage for each card you shuffled into your deck this way.",
283908,Dewgong,Dewgong,Water,Stage 1,https://tcgplayer-cdn.tcgplayer.com/product/283908_200w.jpg,Reverse Holofoil,Rare,3,3118,https://cpt.tcgcsv.com/bBh3,2025-02-07T20:22:09.69,1,,0.15,0.26,2.0,0.21,,,034/196,120,"[W] Swim Freely (10)
<br>
Flip a coin. If heads, during your opponent's next turn, prevent all damage from and effects of attacks done to this Pokémon.",Lx2,2,"[2] Floe Return (40x)
<br>
Shuffle any amount of Water Energy from your Pokémon into your deck. This attack does 40 damage for each card you shuffled into your deck this way.",
283909,Horsea,Horsea,Water,Basic,https://tcgplayer-cdn.tcgplayer.com/product/283909_200w.jpg,Reverse Holofoil,Common,3,3118,https://cpt.tcgcsv.com/cBh3,2026-02-05T16:18:12.593,1,,0.04,0.19,2.0,0.15,,,035/196,50,"[W] Reverse Thrust (10)
<br>
Switch this Pokémon with 1 of your Benched Pokémon.",Lx2,1,,
283909,Horsea,Horsea,Water,Basic,https://tcgplayer-cdn.tcgplayer.com/product/283909_200w.jpg,Normal,Common,3,3118,https://cpt.tcgcsv.com/cBh3,2026-02-05T16:18:12.593,1,,0.01,0.1,20.0,0.08,0.04,,035/196,50,"[W] Reverse Thrust (10)
<br>
Switch this Pokémon with 1 of your Benched Pokémon.",Lx2,1,,
283910,Seadra,Seadra,Water,Stage 1,https://tcgplayer-cdn.tcgplayer.com/product/283910_200w.jpg,Normal,Uncommon,3,3118,https://cpt.tcgcsv.com/dBh3,2025-11-25T21:14:43.857,1,,0.01,0.1,20.0,0.1,,,036/196,80,"[W] Swim Freely (10)
<br>
Flip a coin. If heads, during your opponent's next turn, prevent all damage from and effects of attacks done to this Pokémon.",Lx2,1,"[W] Hydro Jet
<br>
This attack does 20 damage to 1 of your opponent's Pokémon for each Water Energy attached to this Pokémon. <em>(Don't apply Weakness and Resistance for Benched Pokémon.)</em>",
283910,Seadra,Seadra,Water,Stage 1,https://tcgplayer-cdn.tcgplayer.com/product/283910_200w.jpg,Reverse Holofoil,Uncommon,3,3118,https://cpt.tcgcsv.com/dBh3,2025-11-25T21:14:43.857,1,,0.05,0.2,2.0,0.19,,,036/196,80,"[W] Swim Freely (10)
<br>
Flip a coin. If heads, during your opponent's next turn, prevent all damage from and effects of attacks done to this Pokémon.",Lx2,1,"[W] Hydro Jet
<br>
This attack does 20 damage to 1 of your opponent's Pokémon for each Water Energy attached to this Pokémon. <em>(Don't apply Weakness and Resistance for Benched Pokémon.)</em>",
283911,Kingdra,Kingdra,Water,Stage 2,https://tcgplayer-cdn.tcgplayer.com/product/283911_200w.jpg,Holofoil,Holo Rare,3,3118,https://cpt.tcgcsv.com/fBh3,2025-02-07T20:22:09.947,1,"<strong>Ability — Seething Currents</strong>
<br>
Once during your turn, you may have either player shuffle their hand and put it on the bottom of their deck. If that player put any cards on the bottom of their deck in this way, they draw 4 cards.",0.1,0.25,6.28,0.24,,,037/196,150,[1W] Hydro Splash (130),Lx2,1,,
283911,Kingdra,Kingdra,Water,Stage 2,https://tcgplayer-cdn.tcgplayer.com/product/283911_200w.jpg,Reverse Holofoil,Holo Rare,3,3118,https://cpt.tcgcsv.com/fBh3,2025-02-07T20:22:09.947,1,"<strong>Ability — Seething Currents</strong>
<br>
Once during your turn, you may have either player shuffle their hand and put it on the bottom of their deck. If that player put any cards on the bottom of their deck in this way, they draw 4 cards.",0.09,0.25,40.0,0.23,,,037/196,150,[1W] Hydro Splash (130),Lx2,1,,
283912,Luvdisc,Luvdisc,Water,Basic,https://tcgplayer-cdn.tcgplayer.com/product/283912_200w.jpg,Reverse Holofoil,Common,3,3118,https://cpt.tcgcsv.com/gBh3,2026-02-05T16:21:31.583,1,,0.01,0.25,40.0,0.2,0.18,,038/196,70,"[1] Matching Look
<br>
Each player reveals the top 2 cards of their deck, then draws those cards.",Lx2,1,[2] Tackle (30),
283912,Luvdisc,Luvdisc,Water,Basic,https://tcgplayer-cdn.tcgplayer.com/product/283912_200w.jpg,Normal,Common,3,3118,https://cpt.tcgcsv.com/gBh3,2026-02-05T16:21:31.583,1,,0.01,0.11,1.49,0.11,,,038/196,70,"[1] Matching Look
<br>
Each player reveals the top 2 cards of their deck, then draws those cards.",Lx2,1,[2] Tackle (30),
283913,Shellos,Shellos,Water,Basic,https://tcgplayer-cdn.tcgplayer.com/product/283913_200w.jpg,Normal,Common,3,3118,https://cpt.tcgcsv.com/hBh3,2026-02-05T15:47:02.387,1,,0.01,0.13,20.0,0.13,,,039/196,70,[1] Rain Splash (10),Lx2,2,[3] Surf (30),
283913,Shellos,Shellos,Water,Basic,https://tcgplayer-cdn.tcgplayer.com/product/283913_200w.jpg,Reverse Holofoil,Common,3,3118,https://cpt.tcgcsv.com/hBh3,2026-02-05T15:47:02.387,1,,0.01,0.2,2.49,0.17,,,039/196,70,[1] Rain Splash (10),Lx2,2,[3] Surf (30),
283914,Finneon,Finneon,Water,Basic,https://tcgplayer-cdn.tcgplayer.com/product/283914_200w.jpg,Normal,Common,3,3118,https://cpt.tcgcsv.com/jBh3,2026-02-05T16:12:47.21,1,"<strong>Ability — Oceanic Accompaniment</strong>
<br>
As often as you like during your turn, you may attach a Water Energy card from your hand to 1 of your Pokémon that has the Swim Freely attack.",0.01,0.1,18.0,0.1,,,040/196,50,[W] Water Gun (10),Lx2,1,,
283914,Finneon,Finneon,Water,Basic,https://tcgplayer-cdn.tcgplayer.com/product/283914_200w.jpg,Reverse Holofoil,Common,3,3118,https://cpt.tcgcsv.com/jBh3,2026-02-05T16:12:47.21,1,"<strong>Ability — Oceanic Accompaniment</strong>
<br>
As often as you like during your turn, you may attach a Water Energy card from your hand to 1 of your Pokémon that has the Swim Freely attack.",0.09,0.24,2.0,0.22,,,040/196,50,[W] Water Gun (10),Lx2,1,,
283915,Lumineon,Lumineon,Water,Stage 1,https://tcgplayer-cdn.tcgplayer.com/product/283915_200w.jpg,Normal,Uncommon,3,3118,https://cpt.tcgcsv.com/kBh3,2025-02-07T20:22:10.133,1,,0.01,0.1,18.0,0.09,,,041/196,90,"[W] Swim Freely (10)
<br>
Flip a coin. If heads, during your opponent's next turn, prevent all damage from and effects of attacks done to this Pokémon.",Lx2,4,[1WW] Waterfall (120),
283915,Lumineon,Lumineon,Water,Stage 1,https://tcgplayer-cdn.tcgplayer.com/product/283915_200w.jpg,Reverse Holofoil,Uncommon,3,3118,https://cpt.tcgcsv.com/kBh3,2025-02-07T20:22:10.133,1,,0.02,0.19,2.0,0.13,0.13,,041/196,90,"[W] Swim Freely (10)
<br>
Flip a coin. If heads, during your opponent's next turn, prevent all damage from and effects of attacks done to this Pokémon.",Lx2,4,[1WW] Waterfall (120),
283916,Snover,Snover,Water,Basic,https://tcgplayer-cdn.tcgplayer.com/product/283916_200w.jpg,Normal,Common,3,3118,https://cpt.tcgcsv.com/lBh3,2026-02-05T15:49:31.563,1,,0.01,0.1,20.0,0.05,0.03,,042/196,80,[W] Corkscrew Punch (10),Mx2,3,[1WW] Icicle Missile (60),
283916,Snover,Snover,Water,Basic,https://tcgplayer-cdn.tcgplayer.com/product/283916_200w.jpg,Reverse Holofoil,Common,3,3118,https://cpt.tcgcsv.com/lBh3,2026-02-05T15:49:31.563,1,,0.01,0.19,2.0,0.13,,,042/196,80,[W] Corkscrew Punch (10),Mx2,3,[1WW] Icicle Missile (60),
283917,Abomasnow,Abomasnow,Water,Stage 1,https://tcgplayer-cdn.tcgplayer.com/product/283917_200w.jpg,Reverse Holofoil,Uncommon,3,3118,https://cpt.tcgcsv.com/mBh3,2026-02-05T16:08:09.44,1,,0.04,0.2,9.99,0.12,,,043/196,140,[1W] Icicle Punch (50),Mx2,4,"[1WW] Double-Edge (160)
<br>
This Pokémon also does 30 damage to itself.",
283917,Abomasnow,Abomasnow,Water,Stage 1,https://tcgplayer-cdn.tcgplayer.com/product/283917_200w.jpg,Normal,Uncommon,3,3118,https://cpt.tcgcsv.com/mBh3,2026-02-05T16:08:09.44,1,,0.01,0.1,20.0,0.06,0.04,,043/196,140,[1W] Icicle Punch (50),Mx2,4,"[1WW] Double-Edge (160)
<br>
This Pokémon also does 30 damage to itself.",
283918,Hisuian Basculin,Hisuian Basculin,Water,Basic,https://tcgplayer-cdn.tcgplayer.com/product/283918_200w.jpg,Reverse Holofoil,Common,3,3118,https://cpt.tcgcsv.com/nBh3,2025-02-07T20:22:10.293,1,,0.1,0.29,1.49,0.25,,,044/196,50,"[0] Surprise Attack (40)
<br>
Flip a coin. If tails, this attack does nothing.",Lx2,1,,
283918,Hisuian Basculin,Hisuian Basculin,Water,Basic,https://tcgplayer-cdn.tcgplayer.com/product/283918_200w.jpg,Normal,Common,3,3118,https://cpt.tcgcsv.com/nBh3,2025-02-07T20:22:10.293,1,,0.01,0.1,20.0,0.07,,,044/196,50,"[0] Surprise Attack (40)
<br>
Flip a coin. If tails, this attack does nothing.",Lx2,1,,
283919,Hisuian Basculegion,Hisuian Basculegion,Water,Stage 1,https://tcgplayer-cdn.tcgplayer.com/product/283919_200w.jpg,Reverse Holofoil,Holo Rare,3,3118,https://cpt.tcgcsv.com/pBh3,2025-11-21T21:25:11.27,1,,0.18,0.4,1.99,0.36,,,045/196,110,"[0] Upstream Spirits (20x)
<br>
This attack does 20 damage for each basic Energy card in your discard pile. Then, shuffle those cards into your deck.",Lx2,1,"[W] Water Shot (70)
<br>
Discard an Energy from this Pokémon.",
283919,Hisuian Basculegion,Hisuian Basculegion,Water,Stage 1,https://tcgplayer-cdn.tcgplayer.com/product/283919_200w.jpg,Holofoil,Holo Rare,3,3118,https://cpt.tcgcsv.com/pBh3,2025-11-21T21:25:11.27,1,,0.18,0.34,40.0,0.36,0.28,,045/196,110,"[0] Upstream Spirits (20x)
<br>
This attack does 20 damage for each basic Energy card in your discard pile. Then, shuffle those cards into your deck.",Lx2,1,"[W] Water Shot (70)
<br>
Discard an Energy from this Pokémon.",
283920,Ducklett,Ducklett,Water,Basic,https://tcgplayer-cdn.tcgplayer.com/product/283920_200w.jpg,Reverse Holofoil,Common,3,3118,https://cpt.tcgcsv.com/qBh3,2026-02-05T16:11:02.707,1,,0.04,0.25,19.98,0.25,0.14,,046/196,60,[W] Rain Splash (20),Lx2,1,,F-30
283920,Ducklett,Ducklett,Water,Basic,https://tcgplayer-cdn.tcgplayer.com/product/283920_200w.jpg,Normal,Common,3,3118,https://cpt.tcgcsv.com/qBh3,2026-02-05T16:11:02.707,1,,0.01,0.12,20.0,0.11,,,046/196,60,[W] Rain Splash (20),Lx2,1,,F-30
283921,Swanna,Swanna,Water,Stage 1,https://tcgplayer-cdn.tcgplayer.com/product/283921_200w.jpg,Reverse Holofoil,Uncommon,3,3118,https://cpt.tcgcsv.com/rBh3,2025-02-07T20:22:10.543,1,,0.05,0.18,22.0,0.12,,,047/196,120,[W] Water Pulse (20),Lx2,2,"[1WW] Air Slash (130)
<br>
Discard an Energy from this Pokémon.",F-30
283921,Swanna,Swanna,Water,Stage 1,https://tcgplayer-cdn.tcgplayer.com/product/283921_200w.jpg,Normal,Uncommon,3,3118,https://cpt.tcgcsv.com/rBh3,2025-02-07T20:22:10.543,1,,0.01,0.1,1.49,0.07,,,047/196,120,[W] Water Pulse (20),Lx2,2,"[1WW] Air Slash (130)
<br>
Discard an Energy from this Pokémon.",F-30
283922,Kyurem V,Kyurem V,Water,Basic,https://tcgplayer-cdn.tcgplayer.com/product/283922_200w.jpg,Holofoil,Ultra Rare,3,3118,https://cpt.tcgcsv.com/sBh3,2025-10-24T00:20:41.92,1,,0.5,0.99,501.5,0.74,0.77,,048/196,220,"[W] Rapid Freeze
<br>
Attach any number of Water Energy cards from your hand to your Pokémon in any way you like.",Mx2,3,[WWW] Frost Smash (140),
283923,Kyurem VMAX,Kyurem VMAX,Water,VMAX,https://tcgplayer-cdn.tcgplayer.com/product/283923_200w.jpg,Holofoil,Ultra Rare,3,3118,https://cpt.tcgcsv.com/tBh3,2026-02-16T14:08:26.46,1,"<strong>Ability — Glaciated World</strong>
<br>
Once during your turn, you may discard the top card of your deck. If that card is a Water Energy card, attach it to 1 of your Pokémon.",1.39,2.19,99.99,2.05,1.98,,049/196,330,"[WWW] Max Frost (120+)
<br>
You may discard any amount of Water Energy from this Pokémon. This attack does 50 more damage for each card you discarded in this way.",Mx2,3,,
283924,Cramorant,Cramorant,Water,Basic,https://tcgplayer-cdn.tcgplayer.com/product/283924_200w.jpg,Reverse Holofoil,Rare,3,3118,https://cpt.tcgcsv.com/vBh3,2025-02-07T20:22:10.607,1,"<strong>Ability — Lost Provisions</strong>
<br>
If you have 4 or more cards in the Lost Zone, ignore all Energy in this Pokémon's attack costs.",0.08,0.25,2.31,0.15,,,050/196,110,"[1WW] Spit Innocently (110)
<br>
This attack's damage isn't affected by Weakness.",Lx2,1,,
283924,Cramorant,Cramorant,Water,Basic,https://tcgplayer-cdn.tcgplayer.com/product/283924_200w.jpg,Normal,Rare,3,3118,https://cpt.tcgcsv.com/vBh3,2025-02-07T20:22:10.607,1,"<strong>Ability — Lost Provisions</strong>
<br>
If you have 4 or more cards in the Lost Zone, ignore all Energy in this Pokémon's attack costs.",0.01,0.2,19.98,0.13,0.05,,050/196,110,"[1WW] Spit Innocently (110)
<br>
This attack's damage isn't affected by Weakness.",Lx2,1,,
283925,Glastrier,Glastrier,Water,Basic,https://tcgplayer-cdn.tcgplayer.com/product/283925_200w.jpg,Holofoil,Holo Rare,3,3118,https://cpt.tcgcsv.com/wBh3,2025-02-07T20:22:10.727,1,,0.1,0.31,2.0,0.31,,,051/196,130,"[1W] Freeze Down (40)
<br>
If the Defending Pokémon is a Basic Pokémon, it can't attack during your opponent's next turn.",Mx2,2,"[1WW] Wild Tackle (130)
<br>
This Pokémon also does 30 damage to itself.",
283925,Glastrier,Glastrier,Water,Basic,https://tcgplayer-cdn.tcgplayer.com/product/283925_200w.jpg,Reverse Holofoil,Holo Rare,3,3118,https://cpt.tcgcsv.com/wBh3,2025-02-07T20:22:10.727,1,,0.11,0.45,2.25,0.49,,,051/196,130,"[1W] Freeze Down (40)
<br>
If the Defending Pokémon is a Basic Pokémon, it can't attack during your opponent's next turn.",Mx2,2,"[1WW] Wild Tackle (130)
<br>
This Pokémon also does 30 damage to itself.",
283926,Pikachu,Pikachu,Lightning,Basic,https://tcgplayer-cdn.tcgplayer.com/product/283926_200w.jpg,Reverse Holofoil,Common,3,3118,https://cpt.tcgcsv.com/xBh3,2026-02-17T18:26:43.773,1,"<strong>Ability — Pika Dash</strong>
<br>
If this Pokémon has any Energy attached, it has no Retreat Cost.",1.2,2.03,9.99,2.01,1.69,,052/196,60,"[2L] Whimsy Tackle (50)
<br>
Flip a coin. If tails, this attack does nothing.",Fx2,1,,
283926,Pikachu,Pikachu,Lightning,Basic,https://tcgplayer-cdn.tcgplayer.com/product/283926_200w.jpg,Normal,Common,3,3118,https://cpt.tcgcsv.com/xBh3,2026-02-17T18:26:43.773,1,"<strong>Ability — Pika Dash</strong>
<br>
If this Pokémon has any Energy attached, it has no Retreat Cost.",0.05,0.32,4321.0,0.32,,,052/196,60,"[2L] Whimsy Tackle (50)
<br>
Flip a coin. If tails, this attack does nothing.",Fx2,1,,
283927,Raichu,Raichu,Lightning,Stage 1,https://tcgplayer-cdn.tcgplayer.com/product/283927_200w.jpg,Normal,Rare,3,3118,https://cpt.tcgcsv.com/zBh3,2025-10-31T18:25:14.67,1,,0.01,0.24,20.0,0.26,,,053/196,120,"[L] Thunder Shock (30)
<br>
Flip a coin. If heads, your opponent's Active Pokémon is now Paralyzed.",Fx2,1,"[2L] Ace Spark (100+)
<br>
If you have used your <em>VSTAR</em> Power, this attack does 120 more damage.",
283927,Raichu,Raichu,Lightning,Stage 1,https://tcgplayer-cdn.tcgplayer.com/product/283927_200w.jpg,Reverse Holofoil,Rare,3,3118,https://cpt.tcgcsv.com/zBh3,2025-10-31T18:25:14.67,1,,0.2,0.36,1.49,0.35,,,053/196,120,"[L] Thunder Shock (30)
<br>
Flip a coin. If heads, your opponent's Active Pokémon is now Paralyzed.",Fx2,1,"[2L] Ace Spark (100+)
<br>
If you have used your <em>VSTAR</em> Power, this attack does 120 more damage.",
283928,Electrike,Electrike,Lightning,Basic,https://tcgplayer-cdn.tcgplayer.com/product/283928_200w.jpg,Normal,Common,3,3118,https://cpt.tcgcsv.com/BBh3,2026-02-05T16:11:59.177,1,,0.01,0.1,20.0,0.05,,,054/196,60,[L] Zap Kick (10),Fx2,1,"[2] Thunder Fang (20)
<br>
Flip a coin. If heads, your opponent's Active Pokémon is now Paralyzed.",
283928,Electrike,Electrike,Lightning,Basic,https://tcgplayer-cdn.tcgplayer.com/product/283928_200w.jpg,Reverse Holofoil,Common,3,3118,https://cpt.tcgcsv.com/BBh3,2026-02-05T16:11:59.177,1,,0.03,0.2,2.0,0.11,,,054/196,60,[L] Zap Kick (10),Fx2,1,"[2] Thunder Fang (20)
<br>
Flip a coin. If heads, your opponent's Active Pokémon is now Paralyzed.",
283929,Manectric,Manectric,Lightning,Stage 1,https://tcgplayer-cdn.tcgplayer.com/product/283929_200w.jpg,Reverse Holofoil,Rare,3,3118,https://cpt.tcgcsv.com/CBh3,2025-11-25T21:12:57.06,1,,0.08,0.2,2.0,0.16,,,055/196,120,[2] Bite (50),Fx2,1,"[2L] Assault Laser (80+)
<br>
If your opponent's Active Pokémon has a Pokémon Tool attached, this attack does 80 more damage.",
283929,Manectric,Manectric,Lightning,Stage 1,https://tcgplayer-cdn.tcgplayer.com/product/283929_200w.jpg,Normal,Rare,3,3118,https://cpt.tcgcsv.com/CBh3,2025-11-25T21:12:57.06,1,,0.02,0.15,19.98,0.12,0.1,,055/196,120,[2] Bite (50),Fx2,1,"[2L] Assault Laser (80+)
<br>
If your opponent's Active Pokémon has a Pokémon Tool attached, this attack does 80 more damage.",
283930,Magnezone V,Magnezone V,Lightning,Basic,https://tcgplayer-cdn.tcgplayer.com/product/283930_200w.jpg,Holofoil,Ultra Rare,3,3118,https://cpt.tcgcsv.com/DBh3,2025-11-29T07:27:23.003,1,,0.25,0.99,501.5,0.58,0.5,,056/196,210,"[1L] Magnetic Tension
<br>
Switch 1 of your opponent's Benched Pokémon with their Active Pokémon. This attack does 40 damage to the new Active Pokémon.",Fx2,2,"[2L] Splitting Beam (90)
<br>
This attack also does 30 damage to 2 of your opponent's Benched Pokémon. <em>(Don't apply Weakness and Resistance for Benched Pokémon.)</em>",
283931,Magnezone VSTAR,Magnezone VSTAR,Lightning,VSTAR,https://tcgplayer-cdn.tcgplayer.com/product/283931_200w.jpg,Holofoil,Ultra Rare,3,3118,https://cpt.tcgcsv.com/FBh3,2025-10-31T18:25:14.157,1,"<span style=""color:gold""><strong>VSTAR Power — Electro Star</strong></span>
<br>
[LL] Electro Star
<br>
This attack does 90 damage to 2 of your opponent's Benched Pokémon. <em>(Don't apply Weakness and Resistance for Benched Pokémon.) (You can't use more than 1 VSTAR Power in a game.)<em>",0.48,1.16,50.0,0.96,0.5,,057/196,270,"[2L] Magnetic Grip (180)
<br>
Search your deck for up to 2 Item cards, reveal them, and put them into your hand. Then, shuffle your deck.",Fx2,2,,
283932,Rotom V,Rotom V,Lightning,Basic,https://tcgplayer-cdn.tcgplayer.com/product/283932_200w.jpg,Holofoil,Ultra Rare,3,3118,https://cpt.tcgcsv.com/GBh3,2025-10-31T18:25:13.823,1,"<strong>Ability — Instant Charge</strong>
<br>
Once during your turn, you may draw 3 cards. If you use this Ability, your turn ends.",0.4,0.99,501.5,0.67,0.61,,058/196,190,"[LL] Scrap Short (40+)
<br>
Put any number of Pokémon Tool cards from your discard pile in the Lost Zone. This attack does 40 more damage for each card you put in the Lost Zone in this way.",Fx2,1,,
283933,Tynamo,Tynamo,Lightning,Basic,https://tcgplayer-cdn.tcgplayer.com/product/283933_200w.jpg,Reverse Holofoil,Common,3,3118,https://cpt.tcgcsv.com/HBh3,2026-02-05T15:51:06.77,1,,0.09,0.22,1.49,0.18,,,059/196,30,"[1] Call Sign
<br>
Search your deck for a Lightning Pokémon, reveal it, and put it into your hand. Then, shuffle your deck.",Fx2,1,[L] Tiny Charge (10),
283933,Tynamo,Tynamo,Lightning,Basic,https://tcgplayer-cdn.tcgplayer.com/product/283933_200w.jpg,Normal,Common,3,3118,https://cpt.tcgcsv.com/HBh3,2026-02-05T15:51:06.77,1,,0.01,0.1,20.0,0.09,0.04,,059/196,30,"[1] Call Sign
<br>
Search your deck for a Lightning Pokémon, reveal it, and put it into your hand. Then, shuffle your deck.",Fx2,1,[L] Tiny Charge (10),
283934,Eelektrik,Eelektrik,Lightning,Stage 1,https://tcgplayer-cdn.tcgplayer.com/product/283934_200w.jpg,Normal,Uncommon,3,3118,https://cpt.tcgcsv.com/JBh3,2026-02-05T16:11:34.197,1,"<strong>Ability — Ad Hoc Shock</strong>
<br>
When you play this Pokémon from your hand to evolve 1 of your Pokémon during your turn, you may flip a coin. If heads, your opponent's Active Pokémon is now Paralyzed.",0.01,0.1,1.49,0.07,,,060/196,80,[L] Static Shock (30),Fx2,2,,
283934,Eelektrik,Eelektrik,Lightning,Stage 1,https://tcgplayer-cdn.tcgplayer.com/product/283934_200w.jpg,Reverse Holofoil,Uncommon,3,3118,https://cpt.tcgcsv.com/JBh3,2026-02-05T16:11:34.197,1,"<strong>Ability — Ad Hoc Shock</strong>
<br>
When you play this Pokémon from your hand to evolve 1 of your Pokémon during your turn, you may flip a coin. If heads, your opponent's Active Pokémon is now Paralyzed.",0.01,0.2,15.0,0.18,,,060/196,80,[L] Static Shock (30),Fx2,2,,
283935,Eelektross,Eelektross,Lightning,Stage 2,https://tcgplayer-cdn.tcgplayer.com/product/283935_200w.jpg,Normal,Rare,3,3118,https://cpt.tcgcsv.com/KBh3,2025-02-07T20:22:11.25,1,,0.01,0.15,20.0,0.14,,,061/196,160,"[1] Coil (10)
<br>
During your next turn, this Pokémon's attacks do (120) more damage to your opponent's Active Pokémon <em>(before applying Weakness and Resistance)</em>.",Fx2,3,"[1L] Extreme Current (160)
<br>
Discard 2 Energy from this Pokémon.",
283935,Eelektross,Eelektross,Lightning,Stage 2,https://tcgplayer-cdn.tcgplayer.com/product/283935_200w.jpg,Reverse Holofoil,Rare,3,3118,https://cpt.tcgcsv.com/KBh3,2025-02-07T20:22:11.25,1,,0.05,0.25,2.0,0.18,,,061/196,160,"[1] Coil (10)
<br>
During your next turn, this Pokémon's attacks do (120) more damage to your opponent's Active Pokémon <em>(before applying Weakness and Resistance)</em>.",Fx2,3,"[1L] Extreme Current (160)
<br>
Discard 2 Energy from this Pokémon.",
283936,Clefairy,Clefairy,Psychic,Basic,https://tcgplayer-cdn.tcgplayer.com/product/283936_200w.jpg,Normal,Common,3,3118,https://cpt.tcgcsv.com/LBh3,2025-11-21T21:37:08.46,1,"<strong>Ability — Moon-Watching Party</strong>
<br>
Once during your turn, if this Pokémon is in the Active Spot, for each of your Benched Clefairy, you may search your deck for a Psychic Energy card and attach it to that Clefairy. Then, shuffle your deck.",0.01,0.14,20.0,0.14,,,062/196,60,"[3] Wonder Storm (20x)
<br>
This attack does 20 damage for each Psychic Energy attached to all of your Pokémon.",Mx2,2,,
283936,Clefairy,Clefairy,Psychic,Basic,https://tcgplayer-cdn.tcgplayer.com/product/283936_200w.jpg,Reverse Holofoil,Common,3,3118,https://cpt.tcgcsv.com/LBh3,2025-11-21T21:37:08.46,1,"<strong>Ability — Moon-Watching Party</strong>
<br>
Once during your turn, if this Pokémon is in the Active Spot, for each of your Benched Clefairy, you may search your deck for a Psychic Energy card and attach it to that Clefairy. Then, shuffle your deck.",0.1,0.26,40.0,0.29,0.19,,062/196,60,"[3] Wonder Storm (20x)
<br>
This attack does 20 damage for each Psychic Energy attached to all of your Pokémon.",Mx2,2,,
283937,Clefable,Clefable,Psychic,Stage 1,https://tcgplayer-cdn.tcgplayer.com/product/283937_200w.jpg,Normal,Rare,3,3118,https://cpt.tcgcsv.com/MBh3,2025-02-07T20:22:11.393,1,"<strong>Ability — Spirit Charm</strong>
<br>
All of your Pokémon take 30 less damage from attacks from your opponent's Dragon Pokémon <em>(after applying Weakness and Resistance)</em>. You can't apply more than 1 Spirit Charm Ability at a time.",0.01,0.21,2.0,0.21,,,063/196,100,[2P] Moon Impact (90),Mx2,2,,
283937,Clefable,Clefable,Psychic,Stage 1,https://tcgplayer-cdn.tcgplayer.com/product/283937_200w.jpg,Reverse Holofoil,Rare,3,3118,https://cpt.tcgcsv.com/MBh3,2025-02-07T20:22:11.393,1,"<strong>Ability — Spirit Charm</strong>
<br>
All of your Pokémon take 30 less damage from attacks from your opponent's Dragon Pokémon <em>(after applying Weakness and Resistance)</em>. You can't apply more than 1 Spirit Charm Ability at a time.",0.05,0.26,4.74,0.24,,,063/196,100,[2P] Moon Impact (90),Mx2,2,,
283938,Gastly,Gastly,Psychic,Basic,https://tcgplayer-cdn.tcgplayer.com/product/283938_200w.jpg,Reverse Holofoil,Common,3,3118,https://cpt.tcgcsv.com/NBh3,2025-11-21T21:30:40.037,1,,0.15,0.32,2.0,0.3,,,064/196,40,"[P] Furtive Drop
<br>
Put 1 damage counter on your opponent's Active Pokémon.",Dx2,,,F-30
283938,Gastly,Gastly,Psychic,Basic,https://tcgplayer-cdn.tcgplayer.com/product/283938_200w.jpg,Normal,Common,3,3118,https://cpt.tcgcsv.com/NBh3,2025-11-21T21:30:40.037,1,,0.01,0.13,20.0,0.12,,,064/196,40,"[P] Furtive Drop
<br>
Put 1 damage counter on your opponent's Active Pokémon.",Dx2,,,F-30
283939,Haunter,Haunter,Psychic,Stage 1,https://tcgplayer-cdn.tcgplayer.com/product/283939_200w.jpg,Reverse Holofoil,Uncommon,3,3118,https://cpt.tcgcsv.com/PBh3,2025-02-07T20:22:11.503,1,,0.08,0.24,6.0,0.22,,,065/196,70,"[P] Cursed Drop
<br>
Put 3 damage counters on your opponent's Pokémon in any way you like.",Dx2,1,,F-30
283939,Haunter,Haunter,Psychic,Stage 1,https://tcgplayer-cdn.tcgplayer.com/product/283939_200w.jpg,Normal,Uncommon,3,3118,https://cpt.tcgcsv.com/PBh3,2025-02-07T20:22:11.503,1,,0.01,0.15,20.0,0.17,,,065/196,70,"[P] Cursed Drop
<br>
Put 3 damage counters on your opponent's Pokémon in any way you like.",Dx2,1,,F-30
283941,Gengar,Gengar,Psychic,Stage 2,https://tcgplayer-cdn.tcgplayer.com/product/283941_200w.jpg,Reverse Holofoil,Holo Rare,3,3118,https://cpt.tcgcsv.com/RBh3,2026-01-15T01:34:01.52,1,"<strong>Ability — Netherworld Gate</strong>
<br>
Once during your turn, if this Pokémon is in your discard pile, you may put it onto your Bench. If you do, put 3 damage counters on this Pokémon.",1.54,2.56,14.97,2.56,2.73,,066/196,120,"[P] Screaming Circle
<br>
Put 2 damage counters on your opponent's Active Pokémon for each of your opponent's Benched Pokémon.",Dx2,2,,F-30
283941,Gengar,Gengar,Psychic,Stage 2,https://tcgplayer-cdn.tcgplayer.com/product/283941_200w.jpg,Holofoil,Holo Rare,3,3118,https://cpt.tcgcsv.com/RBh3,2026-01-15T01:34:01.52,1,"<strong>Ability — Netherworld Gate</strong>
<br>
Once during your turn, if this Pokémon is in your discard pile, you may put it onto your Bench. If you do, put 3 damage counters on this Pokémon.",0.99,2.59,14.99,2.76,2.97,,066/196,120,"[P] Screaming Circle
<br>
Put 2 damage counters on your opponent's Active Pokémon for each of your opponent's Benched Pokémon.",Dx2,2,,F-30
283942,Mr. Mime,Mr Mime,Psychic,Basic,https://tcgplayer-cdn.tcgplayer.com/product/283942_200w.jpg,Reverse Holofoil,Rare,3,3118,https://cpt.tcgcsv.com/SBh3,2025-11-25T21:13:36.067,1,,0.09,0.25,2.59,0.22,,,067/196,90,[1] Pound (20),Dx2,2,"[2P] Tricky Slap (90)
<br>
You and your opponent play Rock-Paper-Scissors until someone wins. If you win, during your opponent's next turn, prevent all damage from and effects of attacks done to this Pokémon.",F-30
283942,Mr. Mime,Mr Mime,Psychic,Basic,https://tcgplayer-cdn.tcgplayer.com/product/283942_200w.jpg,Normal,Rare,3,3118,https://cpt.tcgcsv.com/SBh3,2025-11-25T21:13:36.067,1,,0.02,0.16,2.0,0.16,0.05,,067/196,90,[1] Pound (20),Dx2,2,"[2P] Tricky Slap (90)
<br>
You and your opponent play Rock-Paper-Scissors until someone wins. If you win, during your opponent's next turn, prevent all damage from and effects of attacks done to this Pokémon.",F-30
283943,Jynx,Jynx,Psychic,Basic,https://tcgplayer-cdn.tcgplayer.com/product/283943_200w.jpg,Reverse Holofoil,Common,3,3118,https://cpt.tcgcsv.com/TBh3,2025-02-07T20:22:16.363,1,,0.03,0.18,40.0,0.12,,,068/196,110,"[2] Alluring Dance
<br>
Switch 1 of your opponent's Benched Pokémon with their Active Pokémon. The new Active Pokémon is now Confused.",Dx2,1,[2P] Super Psy Bolt (80),F-30
283943,Jynx,Jynx,Psychic,Basic,https://tcgplayer-cdn.tcgplayer.com/product/283943_200w.jpg,Normal,Common,3,3118,https://cpt.tcgcsv.com/TBh3,2025-02-07T20:22:16.363,1,,0.01,0.1,20.0,0.08,,,068/196,110,"[2] Alluring Dance
<br>
Switch 1 of your opponent's Benched Pokémon with their Active Pokémon. The new Active Pokémon is now Confused.",Dx2,1,[2P] Super Psy Bolt (80),F-30
283945,Radiant Gardevoir,Radiant Gardevoir,Psychic,Basic,https://tcgplayer-cdn.tcgplayer.com/product/283945_200w.jpg,Holofoil,Radiant Rare,3,3118,https://cpt.tcgcsv.com/WBh3,2025-10-23T15:35:18,1,"<strong>Ability — Loving Veil</strong>
<br>
All of your Pokémon take 20 less damage from attacks from your oppoent's Pokémon V <em>(after applying Weakness and Resistance)</em>.
<br><br>
<em>Radiant Pokémon rule</em>
<br>
You can't have more than 1 Radiant Pokémon in your deck.",0.23,0.99,10.0,0.81,0.7,,069/196,130,"[2P] Psychic (70+)
<br>
This attack does 20 more damage for each Energy attached to your opponent's Active Pokémon.",Mx2,2,,
283946,Sableye,Sableye,Psychic,Basic,https://tcgplayer-cdn.tcgplayer.com/product/283946_200w.jpg,Reverse Holofoil,Holo Rare,3,3118,https://cpt.tcgcsv.com/XBh3,2025-10-31T18:25:13.887,1,,0.15,0.39,40.0,0.33,0.3,,070/196,80,[1] Scratch (20),Dx2,1,"[P] Lost Mine
<br>
You can use this attack only if you have 10 or more cards in the Lost Zone. Put 12 damage counters on your opponent's Pokémon in any way you like.",F-30
283946,Sableye,Sableye,Psychic,Basic,https://tcgplayer-cdn.tcgplayer.com/product/283946_200w.jpg,Holofoil,Holo Rare,3,3118,https://cpt.tcgcsv.com/XBh3,2025-10-31T18:25:13.887,1,,0.1,0.38,7.95,0.33,0.01,,070/196,80,[1] Scratch (20),Dx2,1,"[P] Lost Mine
<br>
You can use this attack only if you have 10 or more cards in the Lost Zone. Put 12 damage counters on your opponent's Pokémon in any way you like.",F-30
283948,Mawile,Mawile,Psychic,Basic,https://tcgplayer-cdn.tcgplayer.com/product/283948_200w.jpg,Reverse Holofoil,Common,3,3118,https://cpt.tcgcsv.com/-Bh3,2025-02-07T20:22:11.58,1,,0.05,0.21,35.0,0.2,,,071/196,90,"[1] Tempting Trap
<br>
During your opponent's next turn, the Defending Pokémon can't retreat. During your next turn, the Defending Pokémon takes 90 more damage from attacks <em>(after applying Weakness and Resistance.)</em>.",Mx2,1,[2P] Bite (90),
283948,Mawile,Mawile,Psychic,Basic,https://tcgplayer-cdn.tcgplayer.com/product/283948_200w.jpg,Normal,Common,3,3118,https://cpt.tcgcsv.com/-Bh3,2025-02-07T20:22:11.58,1,,0.01,0.1,20.0,0.08,,,071/196,90,"[1] Tempting Trap
<br>
During your opponent's next turn, the Defending Pokémon can't retreat. During your next turn, the Defending Pokémon takes 90 more damage from attacks <em>(after applying Weakness and Resistance.)</em>.",Mx2,1,[2P] Bite (90),
283949,Shuppet,Shuppet,Psychic,Basic,https://tcgplayer-cdn.tcgplayer.com/product/283949_200w.jpg,Reverse Holofoil,Common,3,3118,https://cpt.tcgcsv.com/_Bh3,2026-02-05T15:47:44.32,1,,0.01,0.2,2.0,0.17,0.14,,072/196,60,[PP] Tongue Slap (30),Dx2,1,,F-30
283949,Shuppet,Shuppet,Psychic,Basic,https://tcgplayer-cdn.tcgplayer.com/product/283949_200w.jpg,Normal,Common,3,3118,https://cpt.tcgcsv.com/_Bh3,2026-02-05T15:47:44.32,1,,0.01,0.1,20.0,0.06,,,072/196,60,[PP] Tongue Slap (30),Dx2,1,,F-30
283951,Banette,Banette,Psychic,Stage 1,https://tcgplayer-cdn.tcgplayer.com/product/283951_200w.jpg,Normal,Rare,3,3118,https://cpt.tcgcsv.com/2Ch3,2025-02-07T20:22:11.697,1,"<strong>Ability — Puppet Offering</strong>
<br>
Once during your turn, you may put a Supporter card from your discard pile into your hand. If you do, put this Pokémon in the Lost Zone. <em>(Discard all attached cards.)</em>",0.02,0.16,2.0,0.14,,,073/196,100,[PP] Spooky Shot (50),Dx2,1,,F-30
283951,Banette,Banette,Psychic,Stage 1,https://tcgplayer-cdn.tcgplayer.com/product/283951_200w.jpg,Reverse Holofoil,Rare,3,3118,https://cpt.tcgcsv.com/2Ch3,2025-02-07T20:22:11.697,1,"<strong>Ability — Puppet Offering</strong>
<br>
Once during your turn, you may put a Supporter card from your discard pile into your hand. If you do, put this Pokémon in the Lost Zone. <em>(Discard all attached cards.)</em>",0.05,0.23,2.25,0.18,,,073/196,100,[PP] Spooky Shot (50),Dx2,1,,F-30
283953,Cresselia,Cresselia,Psychic,Basic,https://tcgplayer-cdn.tcgplayer.com/product/283953_200w.jpg,Holofoil,Holo Rare,3,3118,https://cpt.tcgcsv.com/5Ch3,2025-10-31T18:25:14.773,1,,0.18,0.35,5.25,0.3,0.27,,074/196,120,"[P] Moonglow Reverse
<br>
Move 2 damage counters from each of your Pokémon to 1 of your opponent's Pokémon.",Dx2,1,[1PP] Lunar Blast (110),F-30
283953,Cresselia,Cresselia,Psychic,Basic,https://tcgplayer-cdn.tcgplayer.com/product/283953_200w.jpg,Reverse Holofoil,Holo Rare,3,3118,https://cpt.tcgcsv.com/5Ch3,2025-10-31T18:25:14.773,1,,0.2,0.45,3.95,0.36,0.34,,074/196,120,"[P] Moonglow Reverse
<br>
Move 2 damage counters from each of your Pokémon to 1 of your opponent's Pokémon.",Dx2,1,[1PP] Lunar Blast (110),F-30
283954,Hisuian Zorua,Hisuian Zorua,Psychic,Basic,https://tcgplayer-cdn.tcgplayer.com/product/283954_200w.jpg,Reverse Holofoil,Common,3,3118,https://cpt.tcgcsv.com/6Ch3,2025-02-07T20:22:11.74,1,,0.05,0.38,2.0,0.33,,,075/196,60,"[0] Collect
<br>
Draw a card.",Dx2,1,[P] Mumble (10),F-30
283954,Hisuian Zorua,Hisuian Zorua,Psychic,Basic,https://tcgplayer-cdn.tcgplayer.com/product/283954_200w.jpg,Normal,Common,3,3118,https://cpt.tcgcsv.com/6Ch3,2025-02-07T20:22:11.74,1,,0.01,0.13,20.0,0.15,0.05,,075/196,60,"[0] Collect
<br>
Draw a card.",Dx2,1,[P] Mumble (10),F-30
283957,Hisuian Zoroark,Hisuian Zoroark,Psychic,Stage 1,https://tcgplayer-cdn.tcgplayer.com/product/283957_200w.jpg,Reverse Holofoil,Holo Rare,3,3118,https://cpt.tcgcsv.com/9Ch3,2025-02-07T20:22:11.803,1,,0.09,0.33,2.49,0.3,,,076/196,120,"[0] Doom Curse
<br>
At the end of your opponent's next turn, the Defending Pokémon will be Knocked Out.",Dx2,2,"[P] Call Back
<br>
Put a card from your discard pile into your hand.",F-30
283957,Hisuian Zoroark,Hisuian Zoroark,Psychic,Stage 1,https://tcgplayer-cdn.tcgplayer.com/product/283957_200w.jpg,Holofoil,Holo Rare,3,3118,https://cpt.tcgcsv.com/9Ch3,2025-02-07T20:22:11.803,1,,0.12,0.29,2.31,0.27,0.21,,076/196,120,"[0] Doom Curse
<br>
At the end of your opponent's next turn, the Defending Pokémon will be Knocked Out.",Dx2,2,"[P] Call Back
<br>
Put a card from your discard pile into your hand.",F-30
283958,Inkay (077),Inkay 077,Psychic,Basic,https://tcgplayer-cdn.tcgplayer.com/product/283958_200w.jpg,Normal,Common,3,3118,https://cpt.tcgcsv.com/bCh3,2025-11-21T21:23:36.077,1,,0.01,0.12,20.0,0.12,,,077/196,60,"[P] Fickle Attack (30)
<br>
Flip a coin. If tails, this attack does nothing.",Dx2,1,,F-30
283958,Inkay (077),Inkay 077,Psychic,Basic,https://tcgplayer-cdn.tcgplayer.com/product/283958_200w.jpg,Reverse Holofoil,Common,3,3118,https://cpt.tcgcsv.com/bCh3,2025-11-21T21:23:36.077,1,,0.01,0.19,2.0,0.16,,,077/196,60,"[P] Fickle Attack (30)
<br>
Flip a coin. If tails, this attack does nothing.",Dx2,1,,F-30
283959,Malamar,Malamar,Psychic,Stage 1,https://tcgplayer-cdn.tcgplayer.com/product/283959_200w.jpg,Reverse Holofoil,Rare,3,3118,https://cpt.tcgcsv.com/cCh3,2025-10-23T15:32:15.713,1,,0.05,0.25,40.0,0.24,0.15,,078/196,110,"[P] Synchro Kinesis (30+)
<br>
Each player reveals their hand. If a card in your opponent's hand has the same name as a card in your hand, this attack does 90 more damage.",Dx2,2,[2P] Psychic Sphere (80),F-30
283959,Malamar,Malamar,Psychic,Stage 1,https://tcgplayer-cdn.tcgplayer.com/product/283959_200w.jpg,Normal,Rare,3,3118,https://cpt.tcgcsv.com/cCh3,2025-10-23T15:32:15.713,1,,0.01,0.19,20.0,0.19,,,078/196,110,"[P] Synchro Kinesis (30+)
<br>
Each player reveals their hand. If a card in your opponent's hand has the same name as a card in your hand, this attack does 90 more damage.",Dx2,2,[2P] Psychic Sphere (80),F-30
283960,Comfey,Comfey,Psychic,Basic,https://tcgplayer-cdn.tcgplayer.com/product/283960_200w.jpg,Normal,Rare,3,3118,https://cpt.tcgcsv.com/dCh3,2025-04-05T07:50:53.563,1,"<strong>Ability — Flower Selecting</strong>
<br>
Once during your turn, if this Pokémon is in the Active Spot, you may look at the top 2 cards of your deck and put 1 of them into your hand. Put the other card in the Lost Zone.",0.03,0.2,19.98,0.15,0.1,,079/196,70,[1P] Spinning Attack (30),Mx2,1,,
283960,Comfey,Comfey,Psychic,Basic,https://tcgplayer-cdn.tcgplayer.com/product/283960_200w.jpg,Reverse Holofoil,Rare,3,3118,https://cpt.tcgcsv.com/dCh3,2025-04-05T07:50:53.563,1,"<strong>Ability — Flower Selecting</strong>
<br>
Once during your turn, if this Pokémon is in the Active Spot, you may look at the top 2 cards of your deck and put 1 of them into your hand. Put the other card in the Lost Zone.",0.04,0.26,5.0,0.23,0.11,,079/196,70,[1P] Spinning Attack (30),Mx2,1,,
283961,Mimikyu,Mimikyu,Psychic,Basic,https://tcgplayer-cdn.tcgplayer.com/product/283961_200w.jpg,Reverse Holofoil,Rare,3,3118,https://cpt.tcgcsv.com/fCh3,2026-02-18T18:30:38.8,1,,0.16,0.39,4.49,0.36,,,080/196,70,"[P] Perplex
<br>
Your opponent's Active Pokémon is now Confused.",Dx2,1,"[1P] Worst Gift (10x)
<br>
This attack does 10 damage for each damage counter on all of your opponent's Pokémon.",F-30
283961,Mimikyu,Mimikyu,Psychic,Basic,https://tcgplayer-cdn.tcgplayer.com/product/283961_200w.jpg,Normal,Rare,3,3118,https://cpt.tcgcsv.com/fCh3,2026-02-18T18:30:38.8,1,,0.01,0.26,20.0,0.25,0.25,,080/196,70,"[P] Perplex
<br>
Your opponent's Active Pokémon is now Confused.",Dx2,1,"[1P] Worst Gift (10x)
<br>
This attack does 10 damage for each damage counter on all of your opponent's Pokémon.",F-30
283963,Spectrier,Spectrier,Psychic,Basic,https://tcgplayer-cdn.tcgplayer.com/product/283963_200w.jpg,Holofoil,Holo Rare,3,3118,https://cpt.tcgcsv.com/hCh3,2025-02-07T20:22:12.037,1,,0.14,0.35,3.41,0.33,0.19,,081/196,120,"[P] Night Footsteps
<br>
Choose 2 of your opponent's Pokémon and put 2 damage counters on each of them.",Dx2,1,"[1PP] Phantom Strike (120)
<br>
During your next turn, this Pokémon can't use Phantom Strike.",F-30
283963,Spectrier,Spectrier,Psychic,Basic,https://tcgplayer-cdn.tcgplayer.com/product/283963_200w.jpg,Reverse Holofoil,Holo Rare,3,3118,https://cpt.tcgcsv.com/hCh3,2025-02-07T20:22:12.037,1,,0.25,0.4,2.0,0.4,,,081/196,120,"[P] Night Footsteps
<br>
Choose 2 of your opponent's Pokémon and put 2 damage counters on each of them.",Dx2,1,"[1PP] Phantom Strike (120)
<br>
During your next turn, this Pokémon can't use Phantom Strike.",F-30
283964,Enamorus V,Enamorus V,Psychic,Basic,https://tcgplayer-cdn.tcgplayer.com/product/283964_200w.jpg,Holofoil,Ultra Rare,3,3118,https://cpt.tcgcsv.com/jCh3,2025-10-31T18:25:13.303,1,"<strong>Ability — Guardian of Love</strong>
<br>
Prevent all effects of your opponent's Pokémon's Abilities done to each of your Pokémon that has any Psychic Energy attached, except any Enamorus V.",0.45,0.99,40.0,0.75,0.71,,082/196,210,"[2P] Blossom Tail (100)
<br>
Attach up to 2 basic Energy cards from your discard pile to your Benched Pokémon in any way you like.",Mx2,2,,
283967,Hisuian Growlithe,Hisuian Growlithe,Fighting,Basic,https://tcgplayer-cdn.tcgplayer.com/product/283967_200w.jpg,Reverse Holofoil,Common,3,3118,https://cpt.tcgcsv.com/mCh3,2026-02-02T23:19:31.313,1,,0.05,0.28,2.0,0.28,,,083/196,70,"[0] Singe
<br>
Your opponent's Active Pokémon is now Burned.",Gx2,2,,
283967,Hisuian Growlithe,Hisuian Growlithe,Fighting,Basic,https://tcgplayer-cdn.tcgplayer.com/product/283967_200w.jpg,Normal,Common,3,3118,https://cpt.tcgcsv.com/mCh3,2026-02-02T23:19:31.313,1,,0.01,0.13,20.0,0.13,0.05,,083/196,70,"[0] Singe
<br>
Your opponent's Active Pokémon is now Burned.",Gx2,2,,
283968,Hisuian Arcanine,Hisuian Arcanine,Fighting,Stage 1,https://tcgplayer-cdn.tcgplayer.com/product/283968_200w.jpg,Holofoil,Holo Rare,3,3118,https://cpt.tcgcsv.com/nCh3,2025-11-21T21:28:31.587,1,,0.03,0.25,2.25,0.2,,,084/196,130,"[0] Very Vulnerable (10+)
<br>
If you have no cards in your hand, this attack does 150 more damage.",Gx2,2,[2F] Sharp Fang (100),
283968,Hisuian Arcanine,Hisuian Arcanine,Fighting,Stage 1,https://tcgplayer-cdn.tcgplayer.com/product/283968_200w.jpg,Reverse Holofoil,Holo Rare,3,3118,https://cpt.tcgcsv.com/nCh3,2025-11-21T21:28:31.587,1,,0.05,0.26,23.0,0.25,0.15,,084/196,130,"[0] Very Vulnerable (10+)
<br>
If you have no cards in your hand, this attack does 150 more damage.",Gx2,2,[2F] Sharp Fang (100),
283970,Poliwrath,Poliwrath,Fighting,Stage 2,https://tcgplayer-cdn.tcgplayer.com/product/283970_200w.jpg,Normal,Rare,3,3118,https://cpt.tcgcsv.com/qCh3,2025-02-07T20:22:12.277,1,,0.05,0.17,2.0,0.17,,,085/196,160,"[W] Split Spiral Punch (60)
<br>
Your opponent's Active Pokémon is now Confused.",Lx2,2,"[2W] Splash Loop (160)
<br>
Put 2 Energy attached to this Pokémon into your hand.",
283970,Poliwrath,Poliwrath,Fighting,Stage 2,https://tcgplayer-cdn.tcgplayer.com/product/283970_200w.jpg,Reverse Holofoil,Rare,3,3118,https://cpt.tcgcsv.com/qCh3,2025-02-07T20:22:12.277,1,,0.05,0.2,1.49,0.19,,,085/196,160,"[W] Split Spiral Punch (60)
<br>
Your opponent's Active Pokémon is now Confused.",Lx2,2,"[2W] Splash Loop (160)
<br>
Put 2 Energy attached to this Pokémon into your hand.",
283971,Machop,Machop,Fighting,Basic,https://tcgplayer-cdn.tcgplayer.com/product/283971_200w.jpg,Reverse Holofoil,Common,3,3118,https://cpt.tcgcsv.com/rCh3,2024-10-15T15:48:33.22,1,,0.03,0.24,40.0,0.24,0.2,,086/196,70,[F] Punch (20),Px2,2,,
283971,Machop,Machop,Fighting,Basic,https://tcgplayer-cdn.tcgplayer.com/product/283971_200w.jpg,Normal,Common,3,3118,https://cpt.tcgcsv.com/rCh3,2024-10-15T15:48:33.22,1,,0.01,0.17,20.0,0.19,0.05,,086/196,70,[F] Punch (20),Px2,2,,
283973,Machoke,Machoke,Fighting,Stage 1,https://tcgplayer-cdn.tcgplayer.com/product/283973_200w.jpg,Reverse Holofoil,Uncommon,3,3118,https://cpt.tcgcsv.com/tCh3,2025-02-07T20:22:12.323,1,,0.05,0.2,2.0,0.16,,,087/196,100,[F] Strength (30),Px2,2,[FF] Seismic Toss (50),
283973,Machoke,Machoke,Fighting,Stage 1,https://tcgplayer-cdn.tcgplayer.com/product/283973_200w.jpg,Normal,Uncommon,3,3118,https://cpt.tcgcsv.com/tCh3,2025-02-07T20:22:12.323,1,,0.01,0.1,20.0,0.08,,,087/196,100,[F] Strength (30),Px2,2,[FF] Seismic Toss (50),
283974,Machamp,Machamp,Fighting,Stage 2,https://tcgplayer-cdn.tcgplayer.com/product/283974_200w.jpg,Holofoil,Holo Rare,3,3118,https://cpt.tcgcsv.com/vCh3,2025-10-23T15:31:20.47,1,,0.09,0.32,5.95,0.32,0.25,,088/196,150,,Px2,2,,
283974,Machamp,Machamp,Fighting,Stage 2,https://tcgplayer-cdn.tcgplayer.com/product/283974_200w.jpg,Reverse Holofoil,Holo Rare,3,3118,https://cpt.tcgcsv.com/vCh3,2025-10-23T15:31:20.47,1,,0.23,0.36,9.95,0.33,,,088/196,150,,Px2,2,,
283976,Rhyhorn,Rhyhorn,Fighting,Basic,https://tcgplayer-cdn.tcgplayer.com/product/283976_200w.jpg,Reverse Holofoil,Common,3,3118,https://cpt.tcgcsv.com/xCh3,2026-02-05T15:44:47.117,1,,0.13,0.34,1.49,0.35,,,089/196,100,"[2F] Take Down (70)
<br>
This Pokémon also does 20 damage to itself.",Gx2,3,,
283976,Rhyhorn,Rhyhorn,Fighting,Basic,https://tcgplayer-cdn.tcgplayer.com/product/283976_200w.jpg,Normal,Common,3,3118,https://cpt.tcgcsv.com/xCh3,2026-02-05T15:44:47.117,1,,0.01,0.1,31.0,0.08,,,089/196,100,"[2F] Take Down (70)
<br>
This Pokémon also does 20 damage to itself.",Gx2,3,,
283978,Rhydon,Rhydon,Fighting,Stage 1,https://tcgplayer-cdn.tcgplayer.com/product/283978_200w.jpg,Normal,Uncommon,3,3118,https://cpt.tcgcsv.com/BCh3,2025-02-07T20:22:12.497,1,,0.01,0.1,2.26,0.09,,,090/196,120,[F] Horn Drill (30),Gx2,3,"[3F] Take Down (120)
<br>
This Pokémon also does 30 damage to itself.",
283978,Rhydon,Rhydon,Fighting,Stage 1,https://tcgplayer-cdn.tcgplayer.com/product/283978_200w.jpg,Reverse Holofoil,Uncommon,3,3118,https://cpt.tcgcsv.com/BCh3,2025-02-07T20:22:12.497,1,,0.04,0.2,2.39,0.14,,,090/196,120,[F] Horn Drill (30),Gx2,3,"[3F] Take Down (120)
<br>
This Pokémon also does 30 damage to itself.",
283979,Rhyperior,Rhyperior,Fighting,Stage 2,https://tcgplayer-cdn.tcgplayer.com/product/283979_200w.jpg,Reverse Holofoil,Rare,3,3118,https://cpt.tcgcsv.com/CCh3,2025-02-07T20:22:12.56,1,,0.1,0.25,2.0,0.21,,,091/196,190,"[F] Geo Cannon (50+)
<br>
Discard the top card of your deck. If that card is an Energy card, this attack does 100 more damage, and attach that card to this Pokémon.",Gx2,4,"[3F] Rocky Tackle (180)
<br>
This Pokémon also does 30 damage to itself.",
283979,Rhyperior,Rhyperior,Fighting,Stage 2,https://tcgplayer-cdn.tcgplayer.com/product/283979_200w.jpg,Normal,Rare,3,3118,https://cpt.tcgcsv.com/CCh3,2025-02-07T20:22:12.56,1,,0.02,0.15,2.35,0.13,,,091/196,190,"[F] Geo Cannon (50+)
<br>
Discard the top card of your deck. If that card is an Energy card, this attack does 100 more damage, and attach that card to this Pokémon.",Gx2,4,"[3F] Rocky Tackle (180)
<br>
This Pokémon also does 30 damage to itself.",
283980,Aerodactyl V,Aerodactyl V,Fighting,Basic,https://tcgplayer-cdn.tcgplayer.com/product/283980_200w.jpg,Holofoil,Ultra Rare,3,3118,https://cpt.tcgcsv.com/DCh3,2024-10-15T15:48:33.5,1,,0.2,0.99,50.0,0.84,0.81,,092/196,210,[1F] Bite (40),Gx2,1,"[2F] Rock Crush (120)
<br>
Discard an Energy from your opponent's Active Pokémon.",
283982,Sudowoodo,Sudowoodo,Fighting,Basic,https://tcgplayer-cdn.tcgplayer.com/product/283982_200w.jpg,Reverse Holofoil,Common,3,3118,https://cpt.tcgcsv.com/GCh3,2025-02-07T20:22:12.623,1,,0.02,0.2,2.14,0.2,,,094/196,110,"[F] Joust (20)
<br>
Before doing damage, discard all Pokémon Tools from your opponent's Active Pokémon.",Gx2,2,"[1F] Impound (50)
<br>
During your opponent's next turn, the Defending Pokémon can't retreat.",
283982,Sudowoodo,Sudowoodo,Fighting,Basic,https://tcgplayer-cdn.tcgplayer.com/product/283982_200w.jpg,Normal,Common,3,3118,https://cpt.tcgcsv.com/GCh3,2025-02-07T20:22:12.623,1,,0.01,0.1,20.0,0.09,,,094/196,110,"[F] Joust (20)
<br>
Before doing damage, discard all Pokémon Tools from your opponent's Active Pokémon.",Gx2,2,"[1F] Impound (50)
<br>
During your opponent's next turn, the Defending Pokémon can't retreat.",
283983,Gligar,Gligar,Fighting,Basic,https://tcgplayer-cdn.tcgplayer.com/product/283983_200w.jpg,Reverse Holofoil,Common,3,3118,https://cpt.tcgcsv.com/HCh3,2026-02-05T16:13:41.34,1,,0.1,0.23,40.0,0.18,,,095/196,60,"[F] Cyclone Pincers (10x)
<br>
Flip 4 coins. This attack does 10 damage for each heads.",Gx2,1,,
283983,Gligar,Gligar,Fighting,Basic,https://tcgplayer-cdn.tcgplayer.com/product/283983_200w.jpg,Normal,Common,3,3118,https://cpt.tcgcsv.com/HCh3,2026-02-05T16:13:41.34,1,,0.01,0.1,20.0,0.07,,,095/196,60,"[F] Cyclone Pincers (10x)
<br>
Flip 4 coins. This attack does 10 damage for each heads.",Gx2,1,,
283985,Gliscor,Gliscor,Fighting,Stage 1,https://tcgplayer-cdn.tcgplayer.com/product/283985_200w.jpg,Normal,Rare,3,3118,https://cpt.tcgcsv.com/KCh3,2025-02-07T20:22:16.213,1,,0.02,0.15,20.0,0.13,0.1,,096/196,120,"[FF] Hurricane Shock (50x)
<br>
Flip 4 coins. This attack does 50 damage for each heads. If at least 2 of them are heads, your opponent's Active Pokémon is now Paralyzed.",Gx2,2,,
283985,Gliscor,Gliscor,Fighting,Stage 1,https://tcgplayer-cdn.tcgplayer.com/product/283985_200w.jpg,Reverse Holofoil,Rare,3,3118,https://cpt.tcgcsv.com/KCh3,2025-02-07T20:22:16.213,1,,0.05,0.2,2.0,0.13,,,096/196,120,"[FF] Hurricane Shock (50x)
<br>
Flip 4 coins. This attack does 50 damage for each heads. If at least 2 of them are heads, your opponent's Active Pokémon is now Paralyzed.",Gx2,2,,
283987,Makuhita,Makuhita,Fighting,Basic,https://tcgplayer-cdn.tcgplayer.com/product/283987_200w.jpg,Normal,Common,3,3118,https://cpt.tcgcsv.com/MCh3,2025-02-07T20:22:12.727,1,,0.01,0.1,2.29,0.05,,,097/196,80,"[1F] Fake Out (20)
<br>
Flip a coin. If heads, your opponent's Active Pokémon is now Paralyzed.",Px2,3,,
283987,Makuhita,Makuhita,Fighting,Basic,https://tcgplayer-cdn.tcgplayer.com/product/283987_200w.jpg,Reverse Holofoil,Common,3,3118,https://cpt.tcgcsv.com/MCh3,2025-02-07T20:22:12.727,1,,0.01,0.15,2.0,0.13,,,097/196,80,"[1F] Fake Out (20)
<br>
Flip a coin. If heads, your opponent's Active Pokémon is now Paralyzed.",Px2,3,,
283988,Hariyama,Hariyama,Fighting,Stage 1,https://tcgplayer-cdn.tcgplayer.com/product/283988_200w.jpg,Reverse Holofoil,Uncommon,3,3118,https://cpt.tcgcsv.com/NCh3,2026-02-05T16:14:51.3,1,,0.03,0.17,25.0,0.14,,,098/196,140,"[1F] Shove (40)
<br>
Flip a coin. If heads, your opponent's Active Pokémon is now Paralyzed.",Px2,3,"[2F] Muscular Slap (100)
<br>
This attack's damage isn't affected by Resistance.",
283988,Hariyama,Hariyama,Fighting,Stage 1,https://tcgplayer-cdn.tcgplayer.com/product/283988_200w.jpg,Normal,Uncommon,3,3118,https://cpt.tcgcsv.com/NCh3,2026-02-05T16:14:51.3,1,,0.01,0.1,20.0,0.04,0.03,,098/196,140,"[1F] Shove (40)
<br>
Flip a coin. If heads, your opponent's Active Pokémon is now Paralyzed.",Px2,3,"[2F] Muscular Slap (100)
<br>
This attack's damage isn't affected by Resistance.",
283992,Meditite,Meditite,Fighting,Basic,https://tcgplayer-cdn.tcgplayer.com/product/283992_200w.jpg,Reverse Holofoil,Common,3,3118,https://cpt.tcgcsv.com/SCh3,2026-02-05T16:23:18.603,1,,0.05,0.2,2.0,0.17,,,099/196,70,"[F] Focus Fist (30)
<br>
Flip a coin. If tails, this attack does nothing.",Px2,1,,
283992,Meditite,Meditite,Fighting,Basic,https://tcgplayer-cdn.tcgplayer.com/product/283992_200w.jpg,Normal,Common,3,3118,https://cpt.tcgcsv.com/SCh3,2026-02-05T16:23:18.603,1,,0.01,0.12,20.0,0.12,0.03,,099/196,70,"[F] Focus Fist (30)
<br>
Flip a coin. If tails, this attack does nothing.",Px2,1,,
283993,Medicham,Medicham,Fighting,Stage 1,https://tcgplayer-cdn.tcgplayer.com/product/283993_200w.jpg,Reverse Holofoil,Uncommon,3,3118,https://cpt.tcgcsv.com/TCh3,2026-02-05T16:22:53.627,1,,0.05,0.2,1.49,0.13,0.11,,100/196,110,"[F] Battle Step (50)
<br>
Search your deck for up to 2 Fighting Energy cards and attach them to your Benched Pokémon in any way you like. Then, shuffle your deck.",Px2,1,,
283993,Medicham,Medicham,Fighting,Stage 1,https://tcgplayer-cdn.tcgplayer.com/product/283993_200w.jpg,Normal,Uncommon,3,3118,https://cpt.tcgcsv.com/TCh3,2026-02-05T16:22:53.627,1,,0.01,0.1,2.0,0.07,,,100/196,110,"[F] Battle Step (50)
<br>
Search your deck for up to 2 Fighting Energy cards and attach them to your Benched Pokémon in any way you like. Then, shuffle your deck.",Px2,1,,
283994,Relicanth,Relicanth,Fighting,Basic,https://tcgplayer-cdn.tcgplayer.com/product/283994_200w.jpg,Normal,Uncommon,3,3118,https://cpt.tcgcsv.com/VCh3,2025-10-31T18:25:14.543,1,,0.01,0.1,20.0,0.08,,,101/196,90,"[1] Into the Deep
<br>
Put up to 2 basic Energy cards from your discard pile into your hand.",Gx2,1,[3] Tackle (80),
283994,Relicanth,Relicanth,Fighting,Basic,https://tcgplayer-cdn.tcgplayer.com/product/283994_200w.jpg,Reverse Holofoil,Uncommon,3,3118,https://cpt.tcgcsv.com/VCh3,2025-10-31T18:25:14.543,1,,0.02,0.18,2.78,0.12,,,101/196,90,"[1] Into the Deep
<br>
Put up to 2 basic Energy cards from your discard pile into your hand.",Gx2,1,[3] Tackle (80),
283995,Gastrodon,Gastrodon,Fighting,Stage 1,https://tcgplayer-cdn.tcgplayer.com/product/283995_200w.jpg,Reverse Holofoil,Uncommon,3,3118,https://cpt.tcgcsv.com/WCh3,2025-02-07T20:22:13.083,1,,0.04,0.19,40.0,0.18,,,102/196,130,"[1] Recover
<br>
Discard an Energy from this Pokémon and heal all damage from it.",Gx2,3,"[1FF] Earthquake (170)
<br>
This attack also does 20 damage to each of your Benched Pokémon. <em>(Don't apply Weakness and Resistance for Benched Pokémon.)</em>",
283995,Gastrodon,Gastrodon,Fighting,Stage 1,https://tcgplayer-cdn.tcgplayer.com/product/283995_200w.jpg,Normal,Uncommon,3,3118,https://cpt.tcgcsv.com/WCh3,2025-02-07T20:22:13.083,1,,0.01,0.13,20.0,0.13,,,102/196,130,"[1] Recover
<br>
Discard an Energy from this Pokémon and heal all damage from it.",Gx2,3,"[1FF] Earthquake (170)
<br>
This attack also does 20 damage to each of your Benched Pokémon. <em>(Don't apply Weakness and Resistance for Benched Pokémon.)</em>",
283997,Mienfoo,Mienfoo,Fighting,Basic,https://tcgplayer-cdn.tcgplayer.com/product/283997_200w.jpg,Reverse Holofoil,Common,3,3118,https://cpt.tcgcsv.com/ZCh3,2026-02-05T16:23:45.59,1,,0.03,0.15,2.39,0.11,,,103/196,60,[F] Chop (10),Px2,1,[1F] Spiral Kick (30),
283997,Mienfoo,Mienfoo,Fighting,Basic,https://tcgplayer-cdn.tcgplayer.com/product/283997_200w.jpg,Normal,Common,3,3118,https://cpt.tcgcsv.com/ZCh3,2026-02-05T16:23:45.59,1,,0.01,0.1,20.0,0.05,0.03,,103/196,60,[F] Chop (10),Px2,1,[1F] Spiral Kick (30),
283998,Mienshao,Mienshao,Fighting,Stage 1,https://tcgplayer-cdn.tcgplayer.com/product/283998_200w.jpg,Reverse Holofoil,Uncommon,3,3118,https://cpt.tcgcsv.com/-Ch3,2025-10-23T15:33:06.317,1,,0.01,0.2,2.44,0.13,0.1,,104/196,90,[F] Pound (30),Px2,1,"[1F] Double Smash (70x)
<br>
Flip 2 coins. This attack does 70 damage for each heads.",
283998,Mienshao,Mienshao,Fighting,Stage 1,https://tcgplayer-cdn.tcgplayer.com/product/283998_200w.jpg,Normal,Uncommon,3,3118,https://cpt.tcgcsv.com/-Ch3,2025-10-23T15:33:06.317,1,,0.01,0.1,2.29,0.09,,,104/196,90,[F] Pound (30),Px2,1,"[1F] Double Smash (70x)
<br>
Flip 2 coins. This attack does 70 damage for each heads.",
283999,Landorus,Landorus,Fighting,Basic,https://tcgplayer-cdn.tcgplayer.com/product/283999_200w.jpg,Reverse Holofoil,Rare,3,3118,https://cpt.tcgcsv.com/_Ch3,2026-02-05T16:19:27.04,1,,0.05,0.23,2.0,0.2,,,105/196,120,[1] Slap Push (20),Gx2,1,"[1FF] Smashing Edge (130)
<br>
Discard 2 Energy from this Pokémon.",
283999,Landorus,Landorus,Fighting,Basic,https://tcgplayer-cdn.tcgplayer.com/product/283999_200w.jpg,Normal,Rare,3,3118,https://cpt.tcgcsv.com/_Ch3,2026-02-05T16:19:27.04,1,,0.01,0.15,20.0,0.14,0.09,,105/196,120,[1] Slap Push (20),Gx2,1,"[1FF] Smashing Edge (130)
<br>
Discard 2 Energy from this Pokémon.",
284001,Binacle,Binacle,Fighting,Basic,https://tcgplayer-cdn.tcgplayer.com/product/284001_200w.jpg,Normal,Common,3,3118,https://cpt.tcgcsv.com/2Dh3,2026-02-05T16:09:44.617,1,,0.01,0.1,20.0,0.07,,,106/196,70,[F] Mud-Slap (10),Gx2,2,[2] Slash (20),
284001,Binacle,Binacle,Fighting,Basic,https://tcgplayer-cdn.tcgplayer.com/product/284001_200w.jpg,Reverse Holofoil,Common,3,3118,https://cpt.tcgcsv.com/2Dh3,2026-02-05T16:09:44.617,1,,0.05,0.2,1.49,0.19,,,106/196,70,[F] Mud-Slap (10),Gx2,2,[2] Slash (20),
284002,Barbaracle,Barbaracle,Fighting,Stage 1,https://tcgplayer-cdn.tcgplayer.com/product/284002_200w.jpg,Holofoil,Holo Rare,3,3118,https://cpt.tcgcsv.com/3Dh3,2025-02-07T20:22:13.383,1,"<strong>Ability — Lost Block</strong
<br>
Your opponent puts any Prize cards they would take in the Lost Zone instead of into their hand.",0.07,0.25,20.0,0.22,,,107/196,130,[2F] Dynamic Chop (100),Gx2,2,,
284002,Barbaracle,Barbaracle,Fighting,Stage 1,https://tcgplayer-cdn.tcgplayer.com/product/284002_200w.jpg,Reverse Holofoil,Holo Rare,3,3118,https://cpt.tcgcsv.com/3Dh3,2025-02-07T20:22:13.383,1,"<strong>Ability — Lost Block</strong
<br>
Your opponent puts any Prize cards they would take in the Lost Zone instead of into their hand.",0.09,0.25,2.49,0.19,,,107/196,130,[2F] Dynamic Chop (100),Gx2,2,,
284003,Carbink,Carbink,Fighting,Basic,https://tcgplayer-cdn.tcgplayer.com/product/284003_200w.jpg,Normal,Uncommon,3,3118,https://cpt.tcgcsv.com/5Dh3,2026-02-05T16:10:37.017,1,,0.01,0.12,20.0,0.11,0.04,,108/196,90,"[1] Lucky Find
<br>
Search your deck for up to 2 Item, cards, reveal them, and put them into your hand. Then, shuffle your deck.",Gx2,1,[2F] Power Gem (80),
284003,Carbink,Carbink,Fighting,Basic,https://tcgplayer-cdn.tcgplayer.com/product/284003_200w.jpg,Reverse Holofoil,Uncommon,3,3118,https://cpt.tcgcsv.com/5Dh3,2026-02-05T16:10:37.017,1,,0.13,0.23,1.49,0.23,,,108/196,90,"[1] Lucky Find
<br>
Search your deck for up to 2 Item, cards, reveal them, and put them into your hand. Then, shuffle your deck.",Gx2,1,[2F] Power Gem (80),
284004,Rockruff,Rockruff,Fighting,Basic,https://tcgplayer-cdn.tcgplayer.com/product/284004_200w.jpg,Reverse Holofoil,Common,3,3118,https://cpt.tcgcsv.com/6Dh3,2025-02-07T20:22:13.51,1,,0.01,0.2,2.0,0.17,,,109/196,60,"[F] Double Draw
<br>
Draw 2 cards.",Gx2,1,[2F] Rear Kick (30),
284004,Rockruff,Rockruff,Fighting,Basic,https://tcgplayer-cdn.tcgplayer.com/product/284004_200w.jpg,Normal,Common,3,3118,https://cpt.tcgcsv.com/6Dh3,2025-02-07T20:22:13.51,1,,0.01,0.1,20.0,0.09,0.04,,109/196,60,"[F] Double Draw
<br>
Draw 2 cards.",Gx2,1,[2F] Rear Kick (30),
284005,Falinks,Falinks,Fighting,Basic,https://tcgplayer-cdn.tcgplayer.com/product/284005_200w.jpg,Reverse Holofoil,Common,3,3118,https://cpt.tcgcsv.com/7Dh3,2026-02-05T16:12:24.553,1,,0.14,0.25,2.0,0.26,,,110/196,100,"[F] Fighting Headbutt (10+)
<br>
This attack's damage isn't affected by Weakness. If your opponent's Active Pokémon is a Pokémon V, this attack does 50 more damage.",Px2,1,[2F] Jet Headbutt (80),
284005,Falinks,Falinks,Fighting,Basic,https://tcgplayer-cdn.tcgplayer.com/product/284005_200w.jpg,Normal,Common,3,3118,https://cpt.tcgcsv.com/7Dh3,2026-02-05T16:12:24.553,1,,0.01,0.14,20.0,0.13,,,110/196,100,"[F] Fighting Headbutt (10+)
<br>
This attack's damage isn't affected by Weakness. If your opponent's Active Pokémon is a Pokémon V, this attack does 50 more damage.",Px2,1,[2F] Jet Headbutt (80),
284006,Stonjourner,Stonjourner,Fighting,Basic,https://tcgplayer-cdn.tcgplayer.com/product/284006_200w.jpg,Normal,Rare,3,3118,https://cpt.tcgcsv.com/8Dh3,2025-02-07T20:22:13.65,1,,0.01,0.15,20.0,0.1,0.07,,111/196,140,"[1] Power Stone
<br>
Attach up to 2 Fighting Energy cards from your hand to your Pokémon in any way you like.",Gx2,4,"[3F] Lost Shot (120)
<br>
Put the top card of your opponent's deck in the Lost Zone.",
284006,Stonjourner,Stonjourner,Fighting,Basic,https://tcgplayer-cdn.tcgplayer.com/product/284006_200w.jpg,Reverse Holofoil,Rare,3,3118,https://cpt.tcgcsv.com/8Dh3,2025-02-07T20:22:13.65,1,,0.04,0.2,2.62,0.13,,,111/196,140,"[1] Power Stone
<br>
Attach up to 2 Fighting Energy cards from your hand to your Pokémon in any way you like.",Gx2,4,"[3F] Lost Shot (120)
<br>
Put the top card of your opponent's deck in the Lost Zone.",
284007,Spinarak,Spinarak,Darkness,Basic,https://tcgplayer-cdn.tcgplayer.com/product/284007_200w.jpg,Reverse Holofoil,Common,3,3118,https://cpt.tcgcsv.com/9Dh3,2025-11-21T21:45:04.487,1,,0.01,0.17,40.0,0.13,0.1,,112/196,50,"[D] Poison Sting (10)
<br>
Your opponent's Active Pokémon is now Poisoned.",Fx2,1,,
284007,Spinarak,Spinarak,Darkness,Basic,https://tcgplayer-cdn.tcgplayer.com/product/284007_200w.jpg,Normal,Common,3,3118,https://cpt.tcgcsv.com/9Dh3,2025-11-21T21:45:04.487,1,,0.01,0.1,20.0,0.07,0.05,,112/196,50,"[D] Poison Sting (10)
<br>
Your opponent's Active Pokémon is now Poisoned.",Fx2,1,,
284009,Ariados,Ariados,Darkness,Stage 1,https://tcgplayer-cdn.tcgplayer.com/product/284009_200w.jpg,Reverse Holofoil,Rare,3,3118,https://cpt.tcgcsv.com/cDh3,2025-11-21T21:43:04.687,1,,0.16,0.36,25.0,0.35,0.16,,113/196,90,"[D] String Bind (10+)
<br>
This attack does 30 more damage for each Colorless in your opponent's Active Pokémon's Retreat Cost.",Fx2,1,"[2D] Venomous Fang (80)
<br>
Your opponent's Active Pokémon is now Poisoned.",
284009,Ariados,Ariados,Darkness,Stage 1,https://tcgplayer-cdn.tcgplayer.com/product/284009_200w.jpg,Normal,Rare,3,3118,https://cpt.tcgcsv.com/cDh3,2025-11-21T21:43:04.687,1,,0.05,0.19,20.0,0.16,,,113/196,90,"[D] String Bind (10+)
<br>
This attack does 30 more damage for each Colorless in your opponent's Active Pokémon's Retreat Cost.",Fx2,1,"[2D] Venomous Fang (80)
<br>
Your opponent's Active Pokémon is now Poisoned.",
284011,Murkrow,Murkrow,Darkness,Basic,https://tcgplayer-cdn.tcgplayer.com/product/284011_200w.jpg,Reverse Holofoil,Common,3,3118,https://cpt.tcgcsv.com/fDh3,2026-02-05T16:25:02.053,1,,0.15,0.33,2.0,0.34,0.24,,114/196,60,[1] Peck (10),Lx2,1,[1D] Wing Attack (30),F-30
284011,Murkrow,Murkrow,Darkness,Basic,https://tcgplayer-cdn.tcgplayer.com/product/284011_200w.jpg,Normal,Common,3,3118,https://cpt.tcgcsv.com/fDh3,2026-02-05T16:25:02.053,1,,0.01,0.15,20.0,0.16,,,114/196,60,[1] Peck (10),Lx2,1,[1D] Wing Attack (30),F-30
284013,Honchkrow,Honchkrow,Darkness,Stage 1,https://tcgplayer-cdn.tcgplayer.com/product/284013_200w.jpg,Normal,Rare,3,3118,https://cpt.tcgcsv.com/hDh3,2025-02-07T20:22:13.833,1,,0.01,0.15,2.29,0.13,,,115/196,120,[1] Peck (20),Lx2,1,"[1DD] Night Cyclone (160)
<br>
Move all Energy from this Pokémon to your Benched Pokémon in any way you like.",F-30
284013,Honchkrow,Honchkrow,Darkness,Stage 1,https://tcgplayer-cdn.tcgplayer.com/product/284013_200w.jpg,Reverse Holofoil,Rare,3,3118,https://cpt.tcgcsv.com/hDh3,2025-02-07T20:22:13.833,1,,0.02,0.2,2.49,0.14,,,115/196,120,[1] Peck (20),Lx2,1,"[1DD] Night Cyclone (160)
<br>
Move all Energy from this Pokémon to your Benched Pokémon in any way you like.",F-30
284015,Seviper,Seviper,Darkness,Basic,https://tcgplayer-cdn.tcgplayer.com/product/284015_200w.jpg,Reverse Holofoil,Uncommon,3,3118,https://cpt.tcgcsv.com/kDh3,2024-10-15T15:48:33.687,1,,0.17,0.37,2.0,0.37,,,116/196,110,"[DD] Sucker Punch and Turn (60)
<br>
Switch this Pokémon with 1 of your Benched Darkness Pokémon.",Fx2,1,,
284015,Seviper,Seviper,Darkness,Basic,https://tcgplayer-cdn.tcgplayer.com/product/284015_200w.jpg,Normal,Uncommon,3,3118,https://cpt.tcgcsv.com/kDh3,2024-10-15T15:48:33.687,1,,0.01,0.14,25.0,0.12,0.05,,116/196,110,"[DD] Sucker Punch and Turn (60)
<br>
Switch this Pokémon with 1 of your Benched Darkness Pokémon.",Fx2,1,,
284017,Spiritomb,Spiritomb,Darkness,Basic,https://tcgplayer-cdn.tcgplayer.com/product/284017_200w.jpg,Reverse Holofoil,Rare,3,3118,https://cpt.tcgcsv.com/mDh3,2025-02-07T20:22:13.897,1,"<strong>Ability — Cursed Message</strong>
<br>
If this Pokémon is Knocked Out by damage from an attack from your opponent's Pokémon, search your deck for a card and put it into your hand. Then, shuffle your deck.",0.1,0.25,2.0,0.2,,,117/196,60,"[DD] Chain of Spirits (10+)
<br>
This attack does 60 more damage for each Spiritomb in your discard pile.",Gx2,2,,
284017,Spiritomb,Spiritomb,Darkness,Basic,https://tcgplayer-cdn.tcgplayer.com/product/284017_200w.jpg,Normal,Rare,3,3118,https://cpt.tcgcsv.com/mDh3,2025-02-07T20:22:13.897,1,"<strong>Ability — Cursed Message</strong>
<br>
If this Pokémon is Knocked Out by damage from an attack from your opponent's Pokémon, search your deck for a card and put it into your hand. Then, shuffle your deck.",0.03,0.15,2.0,0.14,,,117/196,60,"[DD] Chain of Spirits (10+)
<br>
This attack does 60 more damage for each Spiritomb in your discard pile.",Gx2,2,,
284018,Drapion V,Drapion V,Darkness,Basic,https://tcgplayer-cdn.tcgplayer.com/product/284018_200w.jpg,Holofoil,Ultra Rare,3,3118,https://cpt.tcgcsv.com/nDh3,2025-10-31T18:25:13.937,1,"<strong>Ability — Wild Style</strong>
<br>
This Pokémon's attacks cost 1 Colorless less for each of your opponent's Single Strike, Rapid Strike, and Fusion Strike Pokémon in play.",0.15,0.93,501.5,0.54,0.5,,118/196,210,"[4] Dynamic Tail (190)
<br>
This attack also does 60 damage to 1 of your Pokémon. <em>(Don't apply Weakness and Resistance for Benched Pokémon.)</em>",Fx2,2,,
284021,Drapion VSTAR,Drapion VSTAR,Darkness,VSTAR,https://tcgplayer-cdn.tcgplayer.com/product/284021_200w.jpg,Holofoil,Ultra Rare,3,3118,https://cpt.tcgcsv.com/rDh3,2024-11-03T14:07:10.843,1,"<span style=""color:gold""><strong>VSTAR Power</strong></span>
<br>
<strong>Ability — Hazard Star</strong>
<br>
During your turn, you may make your opponent's Active Pokémon Paralyzed and Poisoned. During Pokémon Checkup, put 3 damage counters on that Pokémon instead of 1. <em>(You can't use more than 1 VSTAR Power in a game.)</em>",0.6,1.13,12.95,1.04,1.21,,119/196,270,"[1DD] Big Bang Arm (250-)
<br>
This attack does 10 less damage for each damage counter on this Pokémon.",Fx2,3,,
284025,Darkrai,Darkrai,Darkness,Basic,https://tcgplayer-cdn.tcgplayer.com/product/284025_200w.jpg,Reverse Holofoil,Holo Rare,3,3118,https://cpt.tcgcsv.com/wDh3,2025-11-21T21:34:41.803,1,,0.1,0.36,2.95,0.3,,,120/196,120,[1D] Nightmare (30),Gx2,2,"[1DD] Pitch-Black Blade (130)
<br>
During your next turn, this Pokémon can't attack.",
284025,Darkrai,Darkrai,Darkness,Basic,https://tcgplayer-cdn.tcgplayer.com/product/284025_200w.jpg,Holofoil,Holo Rare,3,3118,https://cpt.tcgcsv.com/wDh3,2025-11-21T21:34:41.803,1,,0.1,0.3,13.0,0.27,0.22,,120/196,120,[1D] Nightmare (30),Gx2,2,"[1DD] Pitch-Black Blade (130)
<br>
During your next turn, this Pokémon can't attack.",
284029,Inkay (121),Inkay 121,Darkness,Basic,https://tcgplayer-cdn.tcgplayer.com/product/284029_200w.jpg,Normal,Common,3,3118,https://cpt.tcgcsv.com/CDh3,2025-02-07T20:22:14.037,1,,0.01,0.1,20.0,0.1,0.05,,121/196,50,"[D] Call of Family
<br>Search your deck for up to 2 Basic Pokemon and put them into your Bench. Then, shuffle your deck.",Gx2,1,[1D] Tackle (20),
284029,Inkay (121),Inkay 121,Darkness,Basic,https://tcgplayer-cdn.tcgplayer.com/product/284029_200w.jpg,Reverse Holofoil,Common,3,3118,https://cpt.tcgcsv.com/CDh3,2025-02-07T20:22:14.037,1,,0.03,0.2,40.0,0.15,,,121/196,50,"[D] Call of Family
<br>Search your deck for up to 2 Basic Pokemon and put them into your Bench. Then, shuffle your deck.",Gx2,1,[1D] Tackle (20),
284030,Hoopa,Hoopa,Darkness,Basic,https://tcgplayer-cdn.tcgplayer.com/product/284030_200w.jpg,Reverse Holofoil,Rare,3,3118,https://cpt.tcgcsv.com/DDh3,2025-02-07T20:22:14.1,1,,0.06,0.21,2.74,0.14,,,122/196,120,"[D] Hand of Djinn
<br>Search your deck for a D Energy card and attach it to 1 of your Pokemon. Then, shuffle your deck.",Gx2,1,[1DD] Tyrannical Hole (100),
284030,Hoopa,Hoopa,Darkness,Basic,https://tcgplayer-cdn.tcgplayer.com/product/284030_200w.jpg,Normal,Rare,3,3118,https://cpt.tcgcsv.com/DDh3,2025-02-07T20:22:14.1,1,,0.01,0.15,30.0,0.12,,,122/196,120,"[D] Hand of Djinn
<br>Search your deck for a D Energy card and attach it to 1 of your Pokemon. Then, shuffle your deck.",Gx2,1,[1DD] Tyrannical Hole (100),
284031,Radiant Hisuian Sneasler,Radiant Hisuian Sneasler,Darkness,Basic,https://tcgplayer-cdn.tcgplayer.com/product/284031_200w.jpg,Holofoil,Radiant Rare,3,3118,https://cpt.tcgcsv.com/FDh3,2025-10-31T18:25:13.24,1,"<strong>Ability — Poison Peak</strong>
<br>
During Pokémon Cleanup, put 2 more damage counters on your opponent's Poisoned Pokémon.
<br><br>
<em>Radiant Pokémon Rule</em>
<br>
You can't have more than 1 Radiant Pokémon in your deck.",0.15,0.55,55.0,0.51,0.3,,123/196,150,"[2D] Poison Jab (90)
<br>
Your opponent's Active Pokémon is now Poisoned.",Fx2,1,,
284032,Radiant Steelix,Radiant Steelix,Metal,Basic,https://tcgplayer-cdn.tcgplayer.com/product/284032_200w.jpg,Holofoil,Radiant Rare,3,3118,https://cpt.tcgcsv.com/GDh3,2025-10-31T18:25:13.193,1,"<em>Radiant Pokémon Rule</em>
<br>
You can't have more than 1 Radiant Pokémon in your deck.",0.25,0.79,30.0,0.72,0.46,,124/196,170,"[1] Energy Stream (20)
<br>
Attach up to 2 Metal Energy cards from your discard pile to this Pokémon.",Rx2,4,"[1MM] Destructive Finish (60+)
<br>
Discard cards from the top of your deck until only 1 card remains. This attack does 30 more damage for each Energy card you discarded in this way.",G-30
284041,Bronzor,Bronzor,Metal,Basic,https://tcgplayer-cdn.tcgplayer.com/product/284041_200w.jpg,Reverse Holofoil,Common,3,3118,https://cpt.tcgcsv.com/RDh3,2025-11-21T21:38:55.32,1,,0.14,0.28,2.0,0.28,,,125/196,70,[1] Spinning Attack (10),Rx2,2,,G-30
284041,Bronzor,Bronzor,Metal,Basic,https://tcgplayer-cdn.tcgplayer.com/product/284041_200w.jpg,Normal,Common,3,3118,https://cpt.tcgcsv.com/RDh3,2025-11-21T21:38:55.32,1,,0.01,0.11,20.0,0.11,,,125/196,70,[1] Spinning Attack (10),Rx2,2,,G-30
284042,Bronzong,Bronzong,Metal,Stage 1,https://tcgplayer-cdn.tcgplayer.com/product/284042_200w.jpg,Reverse Holofoil,Uncommon,3,3118,https://cpt.tcgcsv.com/SDh3,2025-11-21T21:40:26.587,1,,0.08,0.2,2.0,0.16,0.17,,126/196,130,[2] Ram (30),Rx2,3,"[2M] Gravitational Drop (40+)
<br>
This attack does 40 more damage for each Colorless in your opponent's Active Pokémon's Retreat Cost.",G-30
284042,Bronzong,Bronzong,Metal,Stage 1,https://tcgplayer-cdn.tcgplayer.com/product/284042_200w.jpg,Normal,Uncommon,3,3118,https://cpt.tcgcsv.com/SDh3,2025-11-21T21:40:26.587,1,,0.01,0.1,20.0,0.05,,,126/196,130,[2] Ram (30),Rx2,3,"[2M] Gravitational Drop (40+)
<br>
This attack does 40 more damage for each Colorless in your opponent's Active Pokémon's Retreat Cost.",G-30
284044,Galarian Stunfisk,Galarian Stunfisk,Metal,Basic,https://tcgplayer-cdn.tcgplayer.com/product/284044_200w.jpg,Normal,Uncommon,3,3118,https://cpt.tcgcsv.com/VDh3,2025-02-07T20:22:14.29,1,,0.01,0.1,20.0,0.05,,,127/196,100,"[M] Field Trap (20)
<br>
If your opponent has a Stadium in play, discard it. If you discarded a Stadium in this way discard 2 Energy from your opponent's Active Pokémon.",Rx2,3,[1M] Tackle (50),G-30
284044,Galarian Stunfisk,Galarian Stunfisk,Metal,Basic,https://tcgplayer-cdn.tcgplayer.com/product/284044_200w.jpg,Reverse Holofoil,Uncommon,3,3118,https://cpt.tcgcsv.com/VDh3,2025-02-07T20:22:14.29,1,,0.01,0.2,40.0,0.13,,,127/196,100,"[M] Field Trap (20)
<br>
If your opponent has a Stadium in play, discard it. If you discarded a Stadium in this way discard 2 Energy from your opponent's Active Pokémon.",Rx2,3,[1M] Tackle (50),G-30
284045,Magearna,Magearna,Metal,Basic,https://tcgplayer-cdn.tcgplayer.com/product/284045_200w.jpg,Reverse Holofoil,Rare,3,3118,https://cpt.tcgcsv.com/WDh3,2026-02-05T16:22:12.807,1,,0.05,0.21,19.98,0.19,0.1,,128/196,90,[M] Gear Cutter (20),Rx2,1,"[2M] Windup Beam (60+)
<br>
If this Pokémon has a Pokémon Tool attached, this attack does 60 more damage, and your opponent's Active Pokémon is now Confused.",G-30
284045,Magearna,Magearna,Metal,Basic,https://tcgplayer-cdn.tcgplayer.com/product/284045_200w.jpg,Normal,Rare,3,3118,https://cpt.tcgcsv.com/WDh3,2026-02-05T16:22:12.807,1,,0.03,0.15,20.0,0.13,0.05,,128/196,90,[M] Gear Cutter (20),Rx2,1,"[2M] Windup Beam (60+)
<br>
If this Pokémon has a Pokémon Tool attached, this attack does 60 more damage, and your opponent's Active Pokémon is now Confused.",G-30
284047,Galarian Perrserker V,Galarian Perrserker V,Metal,Basic,https://tcgplayer-cdn.tcgplayer.com/product/284047_200w.jpg,Holofoil,Ultra Rare,3,3118,https://cpt.tcgcsv.com/ZDh3,2025-10-22T23:58:31.513,1,,0.25,0.99,501.5,0.73,0.73,,129/196,200,"[1] Feelin' Fine
<br>
Draw 3 cards.",Rx2,2,"[1M] Treasure Rush (20x)
<br>
This attack does 20 damage for each card in your hand.",G-30
284050,Giratina V,Giratina V,Dragon,Basic,https://tcgplayer-cdn.tcgplayer.com/product/284050_200w.jpg,Holofoil,Ultra Rare,3,3118,https://cpt.tcgcsv.com/0Fh3,2025-10-31T18:25:13.583,1,,0.75,1.25,25.0,1.13,1.08,,130/196,220,"[1] Abyss Seeking
<br>
Look at the top 4 cards of your deck and put 2 of them into your hand. Put the other cards in the Lost Zone.",,2,"[1GP] Shred (160)
<br>
This attack's damage isn't affected by any effects on your opponent's Active Pokémon.",
284051,Giratina VSTAR,Giratina VSTAR,Dragon,VSTAR,https://tcgplayer-cdn.tcgplayer.com/product/284051_200w.jpg,Holofoil,Ultra Rare,3,3118,https://cpt.tcgcsv.com/2Fh3,2025-11-21T18:43:55.95,1,"<span style=""color:gold""><strong>VSTAR Power</strong></span>
<br>
[GP] Star Requiem
<br>
You can use this attack only if you have 10. or more cards in the Lost Zone. Your opponent's Active Pokémon is Knocked Out. <em>(You can't use more than 1 VSTAR Power in a game.)</em>",1.0,2.49,39.95,1.97,2.02,,131/196,280,"[1GP] Lost Impact (280)
<br>
Put 2 Energy attached to your Pokémon in the Lost Zone.",,2,,
284053,Goomy,Goomy,Dragon,Basic,https://tcgplayer-cdn.tcgplayer.com/product/284053_200w.jpg,Normal,Common,3,3118,https://cpt.tcgcsv.com/5Fh3,2026-02-05T16:14:02.77,1,,0.01,0.13,19.98,0.13,0.05,,132/196,60,[1] Tackle (10),,2,[WM] Melt (30),
284053,Goomy,Goomy,Dragon,Basic,https://tcgplayer-cdn.tcgplayer.com/product/284053_200w.jpg,Reverse Holofoil,Common,3,3118,https://cpt.tcgcsv.com/5Fh3,2026-02-05T16:14:02.77,1,,0.05,0.23,2.0,0.23,,,132/196,60,[1] Tackle (10),,2,[WM] Melt (30),
284054,Hisuian Sliggoo,Hisuian Sliggoo,Dragon,Stage 1,https://tcgplayer-cdn.tcgplayer.com/product/284054_200w.jpg,Normal,Uncommon,3,3118,https://cpt.tcgcsv.com/6Fh3,2026-02-05T16:17:16.95,1,,0.01,0.14,19.98,0.12,0.1,,133/196,90,"[0] Rigidify
<br>
During your opponent's next turn, this Pokémon takes 50 less damage from attacks <em>(after applying Weakness and Resistance.)</em>.",,3,[WM] Gentle Slap (40),
284054,Hisuian Sliggoo,Hisuian Sliggoo,Dragon,Stage 1,https://tcgplayer-cdn.tcgplayer.com/product/284054_200w.jpg,Reverse Holofoil,Uncommon,3,3118,https://cpt.tcgcsv.com/6Fh3,2026-02-05T16:17:16.95,1,,0.08,0.3,2.0,0.32,0.24,,133/196,90,"[0] Rigidify
<br>
During your opponent's next turn, this Pokémon takes 50 less damage from attacks <em>(after applying Weakness and Resistance.)</em>.",,3,[WM] Gentle Slap (40),
284055,Hisuian Goodra,Hisuian Goodra,Dragon,Stage 2,https://tcgplayer-cdn.tcgplayer.com/product/284055_200w.jpg,Reverse Holofoil,Holo Rare,3,3118,https://cpt.tcgcsv.com/7Fh3,2025-02-07T20:22:14.603,1,"<strong>Ability — Metal Lodging</strong>
<br>
Prevent all damage done to each of your Basic Pokémon that has any Metal Energy attached by attacks from your opponent's Pokémon V.",0.08,0.26,12.0,0.26,,,134/196,160,[1WM] Heavy Impact (140),,3,,
284055,Hisuian Goodra,Hisuian Goodra,Dragon,Stage 2,https://tcgplayer-cdn.tcgplayer.com/product/284055_200w.jpg,Holofoil,Holo Rare,3,3118,https://cpt.tcgcsv.com/7Fh3,2025-02-07T20:22:14.603,1,"<strong>Ability — Metal Lodging</strong>
<br>
Prevent all damage done to each of your Basic Pokémon that has any Metal Energy attached by attacks from your opponent's Pokémon V.",0.11,0.25,5.0,0.24,0.17,,134/196,160,[1WM] Heavy Impact (140),,3,,
284058,Hisuian Goodra V,Hisuian Goodra V,Dragon,Basic,https://tcgplayer-cdn.tcgplayer.com/product/284058_200w.jpg,Holofoil,Ultra Rare,3,3118,https://cpt.tcgcsv.com/bFh3,2025-11-29T06:30:50.337,1,,0.3,0.99,5.95,0.6,0.58,,135/196,220,"[WM] Slip-'n'-Trip (60)
<br>
Your opponent switches their Active Pokémon with 1 of their Benched Pokémon.",,3,"[1WM] Rolling Shell (140)
<br>
During your opponent's next turn, this Pokémon takes 30 less damage from attacks <em>(after applying Weakness and Resistance)</em>.",
284059,Hisuian Goodra VSTAR,Hisuian Goodra VSTAR,Dragon,VSTAR,https://tcgplayer-cdn.tcgplayer.com/product/284059_200w.jpg,Holofoil,Ultra Rare,3,3118,https://cpt.tcgcsv.com/cFh3,2025-03-03T20:35:21.23,1,"<span style=""color:gold""><strong>VSTAR Power</span><br>
Ability — Moisture Star
<br>During your turn, you may heal all damage from this Pokemon. <em>(You can't use more than 1 <strong>VSTAR</strong> Power in a game.)</em>",0.6,1.24,12.95,1.12,1.31,,136/196,270,"[1WM] Rolling Iron (200)
<br>During your opponent's next turn, this Pokemon takes 80 less damage from attacks <em>(After applying Weakness and Resistance.)</em>",,3,,
284060,Pidgeot V,Pidgeot V,Colorless,Basic,https://tcgplayer-cdn.tcgplayer.com/product/284060_200w.jpg,Holofoil,Ultra Rare,3,3118,https://cpt.tcgcsv.com/dFh3,2025-10-31T18:25:13.383,1,"<strong>Ability — Vanishing Wings</strong>
<br>
Once during your turn, if this Pokémon is on your Bench, you may shuffle it and all attached cards into your deck.",0.39,0.99,501.5,0.81,0.5,,137/196,210,"[3] Flight Surf (80+)
<br>
If you have a Stadium in play, this attack does 80 more damage.",Lx2,1,,F-30
284061,Lickitung,Lickitung,Colorless,Basic,https://tcgplayer-cdn.tcgplayer.com/product/284061_200w.jpg,Reverse Holofoil,Common,3,3118,https://cpt.tcgcsv.com/fFh3,2025-02-07T20:22:14.803,1,,0.1,0.25,1.0,0.21,,,138/196,110,[2] Drool (30),Fx2,4,,
284061,Lickitung,Lickitung,Colorless,Basic,https://tcgplayer-cdn.tcgplayer.com/product/284061_200w.jpg,Normal,Common,3,3118,https://cpt.tcgcsv.com/fFh3,2025-02-07T20:22:14.803,1,,0.01,0.13,20.0,0.13,,,138/196,110,[2] Drool (30),Fx2,4,,
284062,Lickilicky,Lickilicky,Colorless,Stage 1,https://tcgplayer-cdn.tcgplayer.com/product/284062_200w.jpg,Normal,Uncommon,3,3118,https://cpt.tcgcsv.com/gFh3,2025-02-07T20:22:14.883,1,,0.01,0.13,20.0,0.13,,,139/196,140,[2] Tongue Slap (50),Fx2,4,[4] Heavy Impact (130),
284062,Lickilicky,Lickilicky,Colorless,Stage 1,https://tcgplayer-cdn.tcgplayer.com/product/284062_200w.jpg,Reverse Holofoil,Uncommon,3,3118,https://cpt.tcgcsv.com/gFh3,2025-02-07T20:22:14.883,1,,0.03,0.2,2.0,0.14,,,139/196,140,[2] Tongue Slap (50),Fx2,4,[4] Heavy Impact (130),
284063,Porygon,Porygon,Colorless,Basic,https://tcgplayer-cdn.tcgplayer.com/product/284063_200w.jpg,Normal,Common,3,3118,https://cpt.tcgcsv.com/hFh3,2025-02-07T20:22:14.943,1,,0.01,0.14,20.0,0.13,,,140/196,60,"[1] Branch Calculation
<br>Look at the top 4 cards of either player's deck and put them back in any order.",Fx2,1,[1] Beam (10),
284063,Porygon,Porygon,Colorless,Basic,https://tcgplayer-cdn.tcgplayer.com/product/284063_200w.jpg,Reverse Holofoil,Common,3,3118,https://cpt.tcgcsv.com/hFh3,2025-02-07T20:22:14.943,1,,0.05,0.2,2.0,0.18,,,140/196,60,"[1] Branch Calculation
<br>Look at the top 4 cards of either player's deck and put them back in any order.",Fx2,1,[1] Beam (10),
284064,Porygon2,Porygon2,Colorless,Stage 1,https://tcgplayer-cdn.tcgplayer.com/product/284064_200w.jpg,Reverse Holofoil,Uncommon,3,3118,https://cpt.tcgcsv.com/jFh3,2025-02-07T20:22:15.007,1,,0.02,0.2,3.5,0.16,,,141/196,90,"[1] Garbage Attack (20x)
<br>This attack does 20 damage for each Pokemon Tool card in the Lost Zone <em>(both yours and your opponent's).</em>",Fx2,1,,
284064,Porygon2,Porygon2,Colorless,Stage 1,https://tcgplayer-cdn.tcgplayer.com/product/284064_200w.jpg,Normal,Uncommon,3,3118,https://cpt.tcgcsv.com/jFh3,2025-02-07T20:22:15.007,1,,0.01,0.11,20.0,0.1,,,141/196,90,"[1] Garbage Attack (20x)
<br>This attack does 20 damage for each Pokemon Tool card in the Lost Zone <em>(both yours and your opponent's).</em>",Fx2,1,,
284066,Porygon-Z,Porygon Z,Colorless,Stage 2,https://tcgplayer-cdn.tcgplayer.com/product/284066_200w.jpg,Reverse Holofoil,Rare,3,3118,https://cpt.tcgcsv.com/lFh3,2026-02-05T15:45:26.96,1,,0.03,0.2,40.0,0.15,,,142/196,150,"[2] Downgrading Beam
<br>Devolve 1 of your opponent's evolved Pokemon by removing any number of 
Evolution cards from it. Your opponent shuffles those cards into their deck.",Fx2,2,[3] Power Beam (130),
284066,Porygon-Z,Porygon Z,Colorless,Stage 2,https://tcgplayer-cdn.tcgplayer.com/product/284066_200w.jpg,Normal,Rare,3,3118,https://cpt.tcgcsv.com/lFh3,2026-02-05T15:45:26.96,1,,0.01,0.18,4.0,0.18,,,142/196,150,"[2] Downgrading Beam
<br>Devolve 1 of your opponent's evolved Pokemon by removing any number of 
Evolution cards from it. Your opponent shuffles those cards into their deck.",Fx2,2,[3] Power Beam (130),
284068,Snorlax,Snorlax,Colorless,Basic,https://tcgplayer-cdn.tcgplayer.com/product/284068_200w.jpg,Holofoil,Holo Rare,3,3118,https://cpt.tcgcsv.com/nFh3,2025-12-09T21:32:54.943,1,"Ability — Unfazed Fat
<br>Prevent all effects of attacks from your opponent's Pokemon Done to this Pokemon. <em>(Damage is not an effect)</em>",0.3,1.0,100.0,1.0,0.79,,143/196,150,"[3] Thumping Snore (180)
<br>This Pokemon is not Asleep. During Pokemon Checkup, flip 2 coins instead of 1. If either of them is tails, this Pokemon is still Asleep.",Fx2,4,,
284068,Snorlax,Snorlax,Colorless,Basic,https://tcgplayer-cdn.tcgplayer.com/product/284068_200w.jpg,Reverse Holofoil,Holo Rare,3,3118,https://cpt.tcgcsv.com/nFh3,2025-12-09T21:32:54.943,1,"Ability — Unfazed Fat
<br>Prevent all effects of attacks from your opponent's Pokemon Done to this Pokemon. <em>(Damage is not an effect)</em>",0.05,1.14,10.0,1.21,0.91,,143/196,150,"[3] Thumping Snore (180)
<br>This Pokemon is not Asleep. During Pokemon Checkup, flip 2 coins instead of 1. If either of them is tails, this Pokemon is still Asleep.",Fx2,4,,
284070,Aipom,Aipom,Colorless,Basic,https://tcgplayer-cdn.tcgplayer.com/product/284070_200w.jpg,Normal,Common,3,3118,https://cpt.tcgcsv.com/qFh3,2026-02-05T16:08:38.01,1,,0.01,0.1,20.0,0.08,0.04,,144/196,60,"[1] Mischievous Tail
<br>Look at the top card of your opponent's deck.You may have your opponent shuffle their deck.",Fx2,1,[1] Scratch (10),
284070,Aipom,Aipom,Colorless,Basic,https://tcgplayer-cdn.tcgplayer.com/product/284070_200w.jpg,Reverse Holofoil,Common,3,3118,https://cpt.tcgcsv.com/qFh3,2026-02-05T16:08:38.01,1,,0.08,0.22,9.99,0.2,,,144/196,60,"[1] Mischievous Tail
<br>Look at the top card of your opponent's deck.You may have your opponent shuffle their deck.",Fx2,1,[1] Scratch (10),
284071,Ambipom,Ambipom,Colorless,Stage 1,https://tcgplayer-cdn.tcgplayer.com/product/284071_200w.jpg,Reverse Holofoil,Uncommon,3,3118,https://cpt.tcgcsv.com/rFh3,2025-02-07T20:22:15.277,1,,0.04,0.17,40.0,0.14,,,145/196,90,"[1] All-You-Can-Grab
<br>Flip a coin until you get tails. Search your deck for a number of cards up to the number of heads and put them into your hand. Then, shuffle your deck.",Fx2,1,"[2] Knock Off (50)
<br>Discard a random card from your opponent's hand.",
284071,Ambipom,Ambipom,Colorless,Stage 1,https://tcgplayer-cdn.tcgplayer.com/product/284071_200w.jpg,Normal,Uncommon,3,3118,https://cpt.tcgcsv.com/rFh3,2025-02-07T20:22:15.277,1,,0.01,0.1,9.99,0.06,,,145/196,90,"[1] All-You-Can-Grab
<br>Flip a coin until you get tails. Search your deck for a number of cards up to the number of heads and put them into your hand. Then, shuffle your deck.",Fx2,1,"[2] Knock Off (50)
<br>Discard a random card from your opponent's hand.",
284074,Hisuian Zoroark V,Hisuian Zoroark V,Colorless,Basic,https://tcgplayer-cdn.tcgplayer.com/product/284074_200w.jpg,Holofoil,Ultra Rare,3,3118,https://cpt.tcgcsv.com/vFh3,2024-10-08T16:40:56.573,1,,0.05,0.98,15.14,0.74,0.49,,146/196,210,"[0] Void Return (30)
<br>You may switch this Pokemon with 1 of your Bench Pokemon.",Fx2,2,"[3] Shadow Cyclone (130)
<br>Move an Energy from this Pokemon to 1 of your Benched Pokemon.",
284075,Bouffalant,Bouffalant,Colorless,Basic,https://tcgplayer-cdn.tcgplayer.com/product/284075_200w.jpg,Reverse Holofoil,Rare,3,3118,https://cpt.tcgcsv.com/wFh3,2025-02-07T20:22:15.34,1,,0.1,0.25,2.49,0.21,,,148/196,130,"[3] Lost Headbutt (50)
<br>Put an Energy attached to your opponent's Active Pokemon in the Lost Zone",Fx2,2,[4] Superpowered Horns (120),
284075,Bouffalant,Bouffalant,Colorless,Basic,https://tcgplayer-cdn.tcgplayer.com/product/284075_200w.jpg,Normal,Rare,3,3118,https://cpt.tcgcsv.com/wFh3,2025-02-07T20:22:15.34,1,,0.01,0.15,20.0,0.11,,,148/196,130,"[3] Lost Headbutt (50)
<br>Put an Energy attached to your opponent's Active Pokemon in the Lost Zone",Fx2,2,[4] Superpowered Horns (120),
284077,Komala,Komala,Colorless,Basic,https://tcgplayer-cdn.tcgplayer.com/product/284077_200w.jpg,Reverse Holofoil,Uncommon,3,3118,https://cpt.tcgcsv.com/zFh3,2026-02-05T16:18:38.047,1,"Ability — All Just A Dream
<br>If this Pokemon is Asleep and is Knocked Out by damage from an attack from your opponent's Pokemon, you opponent can't take any prize cards",0.05,0.29,2.0,0.31,,,149/196,100,"[2] Collapse (60)
<br>This Pokemon is now asleep",Fx2,2,,
284077,Komala,Komala,Colorless,Basic,https://tcgplayer-cdn.tcgplayer.com/product/284077_200w.jpg,Normal,Uncommon,3,3118,https://cpt.tcgcsv.com/zFh3,2026-02-05T16:18:38.047,1,"Ability — All Just A Dream
<br>If this Pokemon is Asleep and is Knocked Out by damage from an attack from your opponent's Pokemon, you opponent can't take any prize cards",0.01,0.14,20.0,0.14,,,149/196,100,"[2] Collapse (60)
<br>This Pokemon is now asleep",Fx2,2,,
284078,Skwovet,Skwovet,Colorless,Basic,https://tcgplayer-cdn.tcgplayer.com/product/284078_200w.jpg,Normal,Common,3,3118,https://cpt.tcgcsv.com/BFh3,2026-02-05T15:48:56.55,1,,0.01,0.1,20.0,0.09,0.03,,150/196,60,[1] Gnaw (20),Fx2,1,,
284078,Skwovet,Skwovet,Colorless,Basic,https://tcgplayer-cdn.tcgplayer.com/product/284078_200w.jpg,Reverse Holofoil,Common,3,3118,https://cpt.tcgcsv.com/BFh3,2026-02-05T15:48:56.55,1,,0.04,0.19,2.0,0.17,,,150/196,60,[1] Gnaw (20),Fx2,1,,
284079,Greedent,Greedent,Colorless,Stage 1,https://tcgplayer-cdn.tcgplayer.com/product/284079_200w.jpg,Reverse Holofoil,Rare,3,3118,https://cpt.tcgcsv.com/CFh3,2025-02-07T20:22:15.527,1,,0.07,0.21,2.49,0.16,,,151/196,130,"[1] Collect
<br>Draw 2 cards.",Fx2,3,"[2] Spill out (60+)
<br>Discard your hand. If you discarded 5 or more cards in this way, this attack does 150 more damage.",
284079,Greedent,Greedent,Colorless,Stage 1,https://tcgplayer-cdn.tcgplayer.com/product/284079_200w.jpg,Normal,Rare,3,3118,https://cpt.tcgcsv.com/CFh3,2025-02-07T20:22:15.527,1,,0.02,0.16,20.0,0.16,0.11,,151/196,130,"[1] Collect
<br>Draw 2 cards.",Fx2,3,"[2] Spill out (60+)
<br>Discard your hand. If you discarded 5 or more cards in this way, this attack does 150 more damage.",
284082,Arc Phone,Arc Phone,Item,,https://tcgplayer-cdn.tcgplayer.com/product/284082_200w.jpg,Reverse Holofoil,Uncommon,3,3118,https://cpt.tcgcsv.com/GFh3,2026-02-13T16:38:15.19,1,Look at the top card of your deck. You may switch that card with 1 of your face-down Prize cards. <em>(The cards stay face down.)</em>,0.03,0.2,2.0,0.17,,,152/196,,,,,,
284082,Arc Phone,Arc Phone,Item,,https://tcgplayer-cdn.tcgplayer.com/product/284082_200w.jpg,Normal,Uncommon,3,3118,https://cpt.tcgcsv.com/GFh3,2026-02-13T16:38:15.19,1,Look at the top card of your deck. You may switch that card with 1 of your face-down Prize cards. <em>(The cards stay face down.)</em>,0.01,0.1,19.98,0.05,0.03,,152/196,,,,,,
284083,Arezu,Arezu,Supporter,,https://tcgplayer-cdn.tcgplayer.com/product/284083_200w.jpg,Reverse Holofoil,Uncommon,3,3118,https://cpt.tcgcsv.com/HFh3,2025-10-31T18:25:14.407,1,"Search your deck fo up to 3 Evolution Pokemon that don't have a Rule Box, reveal them, and put them into your hand. Then, shuffle your deck. <em>(Pokemon V, Pokemon-GX, ect, have Rule Boxes.)</em>",0.13,0.31,1.99,0.3,0.27,,153/196,,,,,,
284083,Arezu,Arezu,Supporter,,https://tcgplayer-cdn.tcgplayer.com/product/284083_200w.jpg,Normal,Uncommon,3,3118,https://cpt.tcgcsv.com/HFh3,2025-10-31T18:25:14.407,1,"Search your deck fo up to 3 Evolution Pokemon that don't have a Rule Box, reveal them, and put them into your hand. Then, shuffle your deck. <em>(Pokemon V, Pokemon-GX, ect, have Rule Boxes.)</em>",0.01,0.15,19.98,0.13,0.05,,153/196,,,,,,
284084,Box of Disaster,Box of Disaster,Item,,https://tcgplayer-cdn.tcgplayer.com/product/284084_200w.jpg,Normal,Uncommon,3,3118,https://cpt.tcgcsv.com/JFh3,2025-11-21T21:41:37.367,1,"If the Pokemon V this card is attached to has full HP and is Knocked Out by damage from an attack from your opponent's Pokemon, put 8 damage counters on the Attacking Pokemon.",0.01,0.1,6.66,0.07,,,154/196,,,,,,
284084,Box of Disaster,Box of Disaster,Item,,https://tcgplayer-cdn.tcgplayer.com/product/284084_200w.jpg,Reverse Holofoil,Uncommon,3,3118,https://cpt.tcgcsv.com/JFh3,2025-11-21T21:41:37.367,1,"If the Pokemon V this card is attached to has full HP and is Knocked Out by damage from an attack from your opponent's Pokemon, put 8 damage counters on the Attacking Pokemon.",0.03,0.19,13.0,0.12,0.13,,154/196,,,,,,
284085,Colress's Experiment,Colresss Experiment,Supporter,,https://tcgplayer-cdn.tcgplayer.com/product/284085_200w.jpg,Normal,Uncommon,3,3118,https://cpt.tcgcsv.com/KFh3,2025-11-24T14:40:38.32,1,Look at the top 5 cards of your deck and put 3 of them into your hand. Put the other cards in the Lost Zone.,0.01,0.15,19.98,0.11,0.09,,155/196,,,,,,
284085,Colress's Experiment,Colresss Experiment,Supporter,,https://tcgplayer-cdn.tcgplayer.com/product/284085_200w.jpg,Reverse Holofoil,Uncommon,3,3118,https://cpt.tcgcsv.com/KFh3,2025-11-24T14:40:38.32,1,Look at the top 5 cards of your deck and put 3 of them into your hand. Put the other cards in the Lost Zone.,0.03,0.23,9.95,0.19,0.01,,155/196,,,,,,
284087,Damage Pump,Damage Pump,Item,,https://tcgplayer-cdn.tcgplayer.com/product/284087_200w.jpg,Normal,Uncommon,3,3118,https://cpt.tcgcsv.com/MFh3,2024-10-15T15:48:33.127,1,Move up to 2 damage counters from 1 of your Pokemon to your other Pokemon in any way you like.,0.01,0.1,19.98,0.08,0.05,,156/196,,,,,,
284087,Damage Pump,Damage Pump,Item,,https://tcgplayer-cdn.tcgplayer.com/product/284087_200w.jpg,Reverse Holofoil,Uncommon,3,3118,https://cpt.tcgcsv.com/MFh3,2024-10-15T15:48:33.127,1,Move up to 2 damage counters from 1 of your Pokemon to your other Pokemon in any way you like.,0.02,0.2,2.0,0.11,0.12,,156/196,,,,,,
284088,Fantina,Fantina,Supporter,,https://tcgplayer-cdn.tcgplayer.com/product/284088_200w.jpg,Reverse Holofoil,Uncommon,3,3118,https://cpt.tcgcsv.com/NFh3,2024-10-15T15:48:33.19,1,"You can use this card only if your have 10 or more cards in the Lost Zone.
<br>During your opponent's next turn, all of your Pokemon take 120 less damage from attacks from your opponent's Pokemon V <em>(after applying Weakness and Resistance). (This includes Pokemon that come into play during that turn.)</em>",0.08,0.25,5.0,0.2,0.01,,157/196,,,,,,
284088,Fantina,Fantina,Supporter,,https://tcgplayer-cdn.tcgplayer.com/product/284088_200w.jpg,Normal,Uncommon,3,3118,https://cpt.tcgcsv.com/NFh3,2024-10-15T15:48:33.19,1,"You can use this card only if your have 10 or more cards in the Lost Zone.
<br>During your opponent's next turn, all of your Pokemon take 120 less damage from attacks from your opponent's Pokemon V <em>(after applying Weakness and Resistance). (This includes Pokemon that come into play during that turn.)</em>",0.01,0.1,19.98,0.06,0.03,,157/196,,,,,,
284089,Iscan,Iscan,Supporter,,https://tcgplayer-cdn.tcgplayer.com/product/284089_200w.jpg,Normal,Uncommon,3,3118,https://cpt.tcgcsv.com/PFh3,2025-02-07T20:22:15.743,1,"Draw 2 cards. If your Active Pokemon has ""Hisuian"" in its name, draw 2 more cards.",0.01,0.1,5.0,0.05,,,158/196,,,,,,
284089,Iscan,Iscan,Supporter,,https://tcgplayer-cdn.tcgplayer.com/product/284089_200w.jpg,Reverse Holofoil,Uncommon,3,3118,https://cpt.tcgcsv.com/PFh3,2025-02-07T20:22:15.743,1,"Draw 2 cards. If your Active Pokemon has ""Hisuian"" in its name, draw 2 more cards.",0.02,0.17,2.0,0.09,,,158/196,,,,,,
284090,Lady,Lady,Supporter,,https://tcgplayer-cdn.tcgplayer.com/product/284090_200w.jpg,Normal,Uncommon,3,3118,https://cpt.tcgcsv.com/QFh3,2025-12-30T04:55:26.313,1,"Search your deck for up to 4 basic Energy cards, reveal them, and put them into your hand. Then shuffle your deck.",0.01,0.16,19.98,0.12,0.01,,159/196,,,,,,
284090,Lady,Lady,Supporter,,https://tcgplayer-cdn.tcgplayer.com/product/284090_200w.jpg,Reverse Holofoil,Uncommon,3,3118,https://cpt.tcgcsv.com/QFh3,2025-12-30T04:55:26.313,1,"Search your deck for up to 4 basic Energy cards, reveal them, and put them into your hand. Then shuffle your deck.",0.01,0.25,4.94,0.23,0.14,,159/196,,,,,,
284092,Lake Acuity,Lake Acuity,Stadium,,https://tcgplayer-cdn.tcgplayer.com/product/284092_200w.jpg,Reverse Holofoil,Uncommon,3,3118,https://cpt.tcgcsv.com/SFh3,2025-11-21T21:22:08.913,1,All Pokemon that have any W or F Energy attached <em>(both yours and your opponent's)</em> take 20 less damage from attacks from the opponent's Pokemon <em>(after applying Weakness and Resistance).</em>,0.05,0.2,3.2,0.17,0.14,,160/196,,,,,,
284092,Lake Acuity,Lake Acuity,Stadium,,https://tcgplayer-cdn.tcgplayer.com/product/284092_200w.jpg,Normal,Uncommon,3,3118,https://cpt.tcgcsv.com/SFh3,2025-11-21T21:22:08.913,1,All Pokemon that have any W or F Energy attached <em>(both yours and your opponent's)</em> take 20 less damage from attacks from the opponent's Pokemon <em>(after applying Weakness and Resistance).</em>,0.01,0.12,1.53,0.1,,,160/196,,,,,,
284093,Lost City,Lost City,Stadium,,https://tcgplayer-cdn.tcgplayer.com/product/284093_200w.jpg,Normal,Uncommon,3,3118,https://cpt.tcgcsv.com/TFh3,2026-02-05T16:20:29.14,1,"Whenever a Pokemon <em>(either yours or your opponent's)</em> is Knocked Out, put that Pokemon in the Lost Zone instead of the discard pile <em>(Discard all attached cards.)</em>",0.01,0.15,19.98,0.12,0.07,,161/196,,,,,,
284093,Lost City,Lost City,Stadium,,https://tcgplayer-cdn.tcgplayer.com/product/284093_200w.jpg,Reverse Holofoil,Uncommon,3,3118,https://cpt.tcgcsv.com/TFh3,2026-02-05T16:20:29.14,1,"Whenever a Pokemon <em>(either yours or your opponent's)</em> is Knocked Out, put that Pokemon in the Lost Zone instead of the discard pile <em>(Discard all attached cards.)</em>",0.08,0.4,2.99,0.41,0.01,,161/196,,,,,,
284094,Lost Vacuum,Lost Vacuum,Item,,https://tcgplayer-cdn.tcgplayer.com/product/284094_200w.jpg,Normal,Uncommon,3,3118,https://cpt.tcgcsv.com/VFh3,2026-02-05T16:20:55.553,1,"You can use this card only if your put another card from your hand in the Lost Zone.
<br>Choose a Pokemon Tool attached to any Pokemon or any Stadium in play, and put it in the Lost Zone.",0.01,0.13,19.98,0.07,0.04,,162/196,,,,,,
284094,Lost Vacuum,Lost Vacuum,Item,,https://tcgplayer-cdn.tcgplayer.com/product/284094_200w.jpg,Reverse Holofoil,Uncommon,3,3118,https://cpt.tcgcsv.com/VFh3,2026-02-05T16:20:55.553,1,"You can use this card only if your put another card from your hand in the Lost Zone.
<br>Choose a Pokemon Tool attached to any Pokemon or any Stadium in play, and put it in the Lost Zone.",0.03,0.22,2.49,0.14,0.09,,162/196,,,,,,
284096,Miss Fortune Sisters,Miss Fortune Sisters,Supporter,,https://tcgplayer-cdn.tcgplayer.com/product/284096_200w.jpg,Normal,Uncommon,3,3118,https://cpt.tcgcsv.com/XFh3,2026-02-05T16:24:24.423,1,Look at the top 5 cards of your opponent's deck and discard any number of Item cards you find there. You opponent shuffles the other cards back into their deck.,0.01,0.15,19.98,0.16,0.01,,164/196,,,,,,
284096,Miss Fortune Sisters,Miss Fortune Sisters,Supporter,,https://tcgplayer-cdn.tcgplayer.com/product/284096_200w.jpg,Reverse Holofoil,Uncommon,3,3118,https://cpt.tcgcsv.com/XFh3,2026-02-05T16:24:24.423,1,Look at the top 5 cards of your opponent's deck and discard any number of Item cards you find there. You opponent shuffles the other cards back into their deck.,0.06,0.2,19.98,0.17,0.14,,164/196,,,,,,
284097,Panic Mask,Panic Mask,Item,,https://tcgplayer-cdn.tcgplayer.com/product/284097_200w.jpg,Reverse Holofoil,Uncommon,3,3118,https://cpt.tcgcsv.com/ZFh3,2026-02-13T16:39:55.747,1,Prevent all damage done to this Pokemon this card is attached to by attacks of your opponent's Pokemon that have 40 HP or less remaining.,0.09,0.25,2.0,0.25,0.01,,165/196,,,,,,
284097,Panic Mask,Panic Mask,Item,,https://tcgplayer-cdn.tcgplayer.com/product/284097_200w.jpg,Normal,Uncommon,3,3118,https://cpt.tcgcsv.com/ZFh3,2026-02-13T16:39:55.747,1,Prevent all damage done to this Pokemon this card is attached to by attacks of your opponent's Pokemon that have 40 HP or less remaining.,0.01,0.12,19.98,0.06,0.04,,165/196,,,,,,
284099,Riley,Riley,Supporter,,https://tcgplayer-cdn.tcgplayer.com/product/284099_200w.jpg,Reverse Holofoil,Uncommon,3,3118,https://cpt.tcgcsv.com/_Fh3,2025-02-07T20:22:15.867,1,Reveal the top 5 cards of your deck and have your opponent choose 2 of them. Discard the chosen cards and put the remaining cards into your hand.,0.03,0.2,2.0,0.2,,,166/196,,,,,,
284099,Riley,Riley,Supporter,,https://tcgplayer-cdn.tcgplayer.com/product/284099_200w.jpg,Normal,Uncommon,3,3118,https://cpt.tcgcsv.com/_Fh3,2025-02-07T20:22:15.867,1,Reveal the top 5 cards of your deck and have your opponent choose 2 of them. Discard the chosen cards and put the remaining cards into your hand.,0.01,0.14,1.49,0.07,,,166/196,,,,,,
284100,Thorton,Thorton,Supporter,,https://tcgplayer-cdn.tcgplayer.com/product/284100_200w.jpg,Reverse Holofoil,Uncommon,3,3118,https://cpt.tcgcsv.com/0Gh3,2026-02-13T16:40:58.44,1,"Choose a Basic Pokemon in your discard pile and switch it with 1 of your Basic Pokemon in play. Any attached cards, damage counters, Special Conditions, turns in play, and any other effects remain on the new Pokemon.",0.1,0.33,5.0,0.28,0.28,,167/196,,,,,,
284100,Thorton,Thorton,Supporter,,https://tcgplayer-cdn.tcgplayer.com/product/284100_200w.jpg,Normal,Uncommon,3,3118,https://cpt.tcgcsv.com/0Gh3,2026-02-13T16:40:58.44,1,"Choose a Basic Pokemon in your discard pile and switch it with 1 of your Basic Pokemon in play. Any attached cards, damage counters, Special Conditions, turns in play, and any other effects remain on the new Pokemon.",0.01,0.15,325.0,0.13,0.01,,167/196,,,,,,
284101,Tool Box,Tool Box,Item,,https://tcgplayer-cdn.tcgplayer.com/product/284101_200w.jpg,Normal,Uncommon,3,3118,https://cpt.tcgcsv.com/2Gh3,2026-02-05T15:50:40.923,1,Look at the top 7 cards of your deck. You may reveal any number of Pokemon Tool cards you find there and put them into your hand. Shuffle the other cards back into your deck.,0.01,0.1,1.53,0.05,,,168/196,,,,,,
284101,Tool Box,Tool Box,Item,,https://tcgplayer-cdn.tcgplayer.com/product/284101_200w.jpg,Reverse Holofoil,Uncommon,3,3118,https://cpt.tcgcsv.com/2Gh3,2026-02-05T15:50:40.923,1,Look at the top 7 cards of your deck. You may reveal any number of Pokemon Tool cards you find there and put them into your hand. Shuffle the other cards back into your deck.,0.04,0.17,2.99,0.12,,,168/196,,,,,,
284104,Volo,Volo,Supporter,,https://tcgplayer-cdn.tcgplayer.com/product/284104_200w.jpg,Holofoil,Holo Rare,3,3118,https://cpt.tcgcsv.com/6Gh3,2025-02-07T20:22:16.04,1,Discard 1 of your Benched Pokemon V and all attached cards.,0.04,0.2,3.99,0.2,,,169/196,,,,,,
284104,Volo,Volo,Supporter,,https://tcgplayer-cdn.tcgplayer.com/product/284104_200w.jpg,Reverse Holofoil,Holo Rare,3,3118,https://cpt.tcgcsv.com/6Gh3,2025-02-07T20:22:16.04,1,Discard 1 of your Benched Pokemon V and all attached cards.,0.05,0.2,3.89,0.16,,,169/196,,,,,,
284106,Windup Arm,Windup Arm,Item,Tool,https://tcgplayer-cdn.tcgplayer.com/product/284106_200w.jpg,Normal,Uncommon,3,3118,https://cpt.tcgcsv.com/8Gh3,2025-11-25T21:16:34.343,1,The Pokemon this card is attached to can attack even if it's Asleep or Paralyzed.,0.01,0.1,1.49,0.06,,,170/196,,,,,,
284106,Windup Arm,Windup Arm,Item,Tool,https://tcgplayer-cdn.tcgplayer.com/product/284106_200w.jpg,Reverse Holofoil,Uncommon,3,3118,https://cpt.tcgcsv.com/8Gh3,2025-11-25T21:16:34.343,1,The Pokemon this card is attached to can attack even if it's Asleep or Paralyzed.,0.01,0.16,19.98,0.13,0.06,,170/196,,,,,,
284108,Gift Energy,Gift Energy,Special Energy,,https://tcgplayer-cdn.tcgplayer.com/product/284108_200w.jpg,Normal,Uncommon,3,3118,https://cpt.tcgcsv.com/bGh3,2026-02-05T16:13:15.453,1,"As long as this card is attached to a Pokemon, it provides C energy
<br>If the Pokemon this card is attached to is Knocked Out by damage from an attack from your opponent's Pokemon, draw cards until you have 7 cards in your hand.",0.01,0.16,20.0,0.12,0.09,,171/196,,,,,,
284108,Gift Energy,Gift Energy,Special Energy,,https://tcgplayer-cdn.tcgplayer.com/product/284108_200w.jpg,Reverse Holofoil,Uncommon,3,3118,https://cpt.tcgcsv.com/bGh3,2026-02-05T16:13:15.453,1,"As long as this card is attached to a Pokemon, it provides C energy
<br>If the Pokemon this card is attached to is Knocked Out by damage from an attack from your opponent's Pokemon, draw cards until you have 7 cards in your hand.",0.07,0.26,2.99,0.24,0.2,,171/196,,,,,,
284110,Hisuian Electrode V (Full Art),Hisuian Electrode V Full Art,Grass,Basic,https://tcgplayer-cdn.tcgplayer.com/product/284110_200w.jpg,Holofoil,Ultra Rare,3,3118,https://cpt.tcgcsv.com/dGh3,2026-01-15T04:35:02.307,1,,1.15,1.99,15.95,1.81,2.75,,172/196,210,"[0] Tantrum Blast (100x)
<br>This attack does 100 damage for each Special Condition affecting this Pokemon.",Fx2,1,"[1G] Solar Shot (120)
<br>Discard all energy from this Pokemon.",
284115,Delphox V (Full Art),Delphox V Full Art,Fire,Basic,https://tcgplayer-cdn.tcgplayer.com/product/284115_200w.jpg,Holofoil,Ultra Rare,3,3118,https://cpt.tcgcsv.com/kGh3,2022-09-26T18:54:47.1,1,,1.48,2.51,15.0,2.53,3.75,,173/196,210,"[R] Eerie Glow
<br>Your opponent's Active Pokemon is now Burned and Confused.",Wx2,2,"[1RR] Magical Fire (120)
<br>Put 2 Energy attached to this Pokemon in the Lost Zone. This attack also does 120 damage to 1 of your opponent's Benched Pokemon. <em>(Don't apply Weakness and Resistance for Benched Pokemon.)</em>",
284116,Kyurem V (Full Art),Kyurem V Full Art,Water,Basic,https://tcgplayer-cdn.tcgplayer.com/product/284116_200w.jpg,Holofoil,Ultra Rare,3,3118,https://cpt.tcgcsv.com/lGh3,2022-09-09T04:03:39.38,1,,1.89,3.0,24.99,2.54,2.71,,174/196,220,"[W] Rapid Freeze
<br>Attach any number of W Energy cards from your hand to your Pokemon in any way you like.",Mx2,3,[WWW] Frost Smash (140),
284117,Magnezone V (Full Art),Magnezone V Full Art,Lightning,Basic,https://tcgplayer-cdn.tcgplayer.com/product/284117_200w.jpg,Holofoil,Ultra Rare,3,3118,https://cpt.tcgcsv.com/mGh3,2022-09-09T04:03:39.38,1,,0.98,1.58,45.0,1.59,1.7,,175/196,210,"[1L] Magnetic Tension
<br>Switch 1 of your opponent's Benched Pokemon with their Active Pokemon. This attack does 40 damage to the new Active Pokemon.",Fx2,2,"[2L] Splitting Beam (90)
<br> This attack also does 30 damage to 2 of your opponent's Benched Pokemon. <em>(Don't apply Weakness and Resistance for Benched Pokemon.)</em>",
284119,Rotom V (Alternate Full Art),Rotom V Alternate Full Art,Lightning,Basic,https://tcgplayer-cdn.tcgplayer.com/product/284119_200w.jpg,Holofoil,Ultra Rare,3,3118,https://cpt.tcgcsv.com/pGh3,2026-02-17T15:20:32.873,1,"Ability — Instant Charge
<br>Once during your turn, you may draw 3 cards, if your use this Ability, your turn ends.",20.0,26.99,70.0,25.26,29.99,,177/196,190,"[LL] Scrap Short (40+)
<br>Put any number of Pokemon Tool cards from your discard pile in the Lost Zone. This attack does 40 damage for each card you put in the Lost Zone in this way.",Fx2,1,,
284120,Rotom V (Full Art),Rotom V Full Art,Lightning,Basic,https://tcgplayer-cdn.tcgplayer.com/product/284120_200w.jpg,Holofoil,Ultra Rare,3,3118,https://cpt.tcgcsv.com/qGh3,2022-09-09T04:03:39.38,1,"Ability — Instant Charge
<br>Once during your turn, you may draw 3 cards, if your use this Ability, your turn ends.",1.25,2.0,22.99,1.81,2.75,,176/196,190,"[LL] Scrap Short (40+)
<br>Put any number of Pokemon Tool cards from your discard pile in the Lost Zone. This attack does 40 damage for each card you put in the Lost Zone in this way.",Fx2,1,,
284122,Aerodactyl V (Alternate Full Art),Aerodactyl V Alternate Full Art,Fighting,Basic,https://tcgplayer-cdn.tcgplayer.com/product/284122_200w.jpg,Holofoil,Ultra Rare,3,3118,https://cpt.tcgcsv.com/sGh3,2024-12-26T22:15:51.14,1,,139.98,199.35,299.95,158.79,199.69,,180/196,210,[1F] Bite (40),Gx2,1,"[2F] Rock Crush (120)
<br>Discard an Energy from your opponent's Active Pokemon.",
284123,Aerodactyl V (Full Art),Aerodactyl V Full Art,Fighting,Basic,https://tcgplayer-cdn.tcgplayer.com/product/284123_200w.jpg,Holofoil,Ultra Rare,3,3118,https://cpt.tcgcsv.com/tGh3,2022-09-09T04:03:39.38,1,,1.3,2.57,14.99,2.54,3.63,,179/196,210,[1F] Bite (40),Gx2,1,"[2F] Rock Crush (120)
<br>Discard an Energy from your opponent's Active Pokemon.",
284124,Gallade V (Full Art),Gallade V Full Art,Fighting,Basic,https://tcgplayer-cdn.tcgplayer.com/product/284124_200w.jpg,Holofoil,Ultra Rare,3,3118,https://cpt.tcgcsv.com/vGh3,2026-01-15T04:49:05.98,1,,1.6,2.23,19.99,2.14,3.9,,181/196,220,"[1F] Rising Sword (20+)
<br>This attack does 50 more damage for each Prize card you have taken.",Px2,2,"[1FF] Buster Swing (130)
<br>This attack's damage isn't affected by Resistance.",
284127,Drapion V (Full Art),Drapion V Full Art,Darkness,Basic,https://tcgplayer-cdn.tcgplayer.com/product/284127_200w.jpg,Holofoil,Ultra Rare,3,3118,https://cpt.tcgcsv.com/zGh3,2023-01-17T19:27:18.27,1,"Ability — Wild Style
<br>This Pokemon's attack cose C less for each of your opponent's Single Strike, Rapid Strike, and Fusion Strike Pokemon in play.",0.95,1.5,19.99,1.33,1.98,,182/196,210,"[4] Dynamic Tail (190)
<br>This attack also does 60 damage to 1 of your Pokemon <em>(Don't apply Weakness and Resistance for Benched Pokemon.)</em>",Fx2,2,,
284131,Enamorus V (Full Art),Enamorus V Full Art,Psychic,Basic,https://tcgplayer-cdn.tcgplayer.com/product/284131_200w.jpg,Holofoil,Ultra Rare,3,3118,https://cpt.tcgcsv.com/FGh3,2025-01-23T21:22:25.4,1,"Ability — Guardian of Love
<br>Prevent all effects of your opponent's Pokemon's Abilities done to each of your Pokemon that has any P Energy attached, except any Enamorus V.",1.0,1.87,20.0,1.81,,,178/196,210,"[2P] Blossom Tail (100)
<br>Attach up to 2 basic Energy cards from your discard pile to your Benched Pokemon in any way you like.",Mx2,2,,
284134,Galarian Perrserker V (Full Art),Galarian Perrserker V Full Art,Colorless,Basic,https://tcgplayer-cdn.tcgplayer.com/product/284134_200w.jpg,Holofoil,Ultra Rare,3,3118,https://cpt.tcgcsv.com/JGh3,2024-03-06T15:10:56.75,1,,0.99,1.53,26.41,1.36,2.24,,183/196,200,"[1] Feelin' Fine
<br>Draw 3 cards.",Fx2,2,"[1M] Treasure Rush (20x)
<br>This attack does 20 damage for each card in your hand.",G-30
284135,Galarian Perrserker V (Alternate Full Art),Galarian Perrserker V Alternate Full Art,Metal,Basic,https://tcgplayer-cdn.tcgplayer.com/product/284135_200w.jpg,Holofoil,Ultra Rare,3,3118,https://cpt.tcgcsv.com/KGh3,2025-11-30T03:06:11.563,1,,14.4,16.92,90.0,15.08,14.33,,184/196,200,"[1] Feelin' Fine
<br>Draw 3 cards.",Fx2,2,"[1M] Treasure Rush (20x)
<br>This attack does 20 damage for each card in your hand.",G-30
284136,Giratina V (Full Art),Giratina V Full Art,Dragon,Basic,https://tcgplayer-cdn.tcgplayer.com/product/284136_200w.jpg,Holofoil,Ultra Rare,3,3118,https://cpt.tcgcsv.com/LGh3,2026-01-13T18:53:11.93,1,,10.0,13.0,39.99,12.06,14.6,,185/196,220,"[1] Abyss Seeking
<br>Look at the top 4 cards of your deck and put 2 of them into your hand. Put the other cards in the Lost Zone.",,2,"[1GP] Shred (160)
<br>This attack's damage isn't affected by any effects on your opponent's Active Pokemon.",
284137,Giratina V (Alternate Full Art),Giratina V Alternate Full Art,Dragon,Basic,https://tcgplayer-cdn.tcgplayer.com/product/284137_200w.jpg,Holofoil,Ultra Rare,3,3118,https://cpt.tcgcsv.com/MGh3,2026-02-06T15:32:26.323,1,,488.06,680.0,1500.0,678.55,783.87,,186/196,220,"[1] Abyss Seeking
<br>Look at the top 4 cards of your deck and put 2 of them into your hand. Put the other cards in the Lost Zone.",,2,"[1GP] Shred (160)
<br>This attack's damage isn't affected by any effects on your opponent's Active Pokemon.",
284138,Hisuian Goodra V (Full Art),Hisuian Goodra V Full Art,Dragon,Basic,https://tcgplayer-cdn.tcgplayer.com/product/284138_200w.jpg,Holofoil,Ultra Rare,3,3118,https://cpt.tcgcsv.com/NGh3,2022-09-09T04:03:39.38,1,,0.99,1.99,20.0,1.75,1.62,,187/196,220,"[WM] Slip-'n'-Trip (60)
<br>Your opponent switched their Active Pokemon with 1 of their Benched Pokemon.",,3,"[1WM] Rolling Shell (140)
<br>During your opponent's next turn, this Pokemon takes 30 less damage from attacks. <em>(After applying Weakness and Resistance)</em>",
284139,Pidgeot V (Full Art),Pidgeot V Full Art,Colorless,Basic,https://tcgplayer-cdn.tcgplayer.com/product/284139_200w.jpg,Holofoil,Ultra Rare,3,3118,https://cpt.tcgcsv.com/PGh3,2022-09-09T04:03:39.38,1,"Ability — Vanishing Wings
<br>Once during your turn, if this Pokemon is on your Bench, you may shuffle it and all attached cards into your deck.",1.0,2.29,15.0,2.16,3.59,,188/196,210,"[3] Flight Surf (80+)
<br>If you have a Stadium in play, this attack does 80 more damage.",Lx2,1,,F-30
284141,Arezu (Full Art),Arezu Full Art,Supporter,,https://tcgplayer-cdn.tcgplayer.com/product/284141_200w.jpg,Holofoil,Ultra Rare,3,3118,https://cpt.tcgcsv.com/RGh3,2026-01-15T02:36:31.07,1,"Search your deck for up to 3 Evolution Pokemon that don't have a Rule Box, reveal them, and put them into your hand. Then, shuffle your deck. <em>(Pokemon V, Pokemon-GX, ect, have Rule Boxes)</em>",2.5,4.08,39.0,3.69,4.23,,189/196,,,,,,
284142,Colress's Experiment (Full Art),Colresss Experiment Full Art,Supporter,,https://tcgplayer-cdn.tcgplayer.com/product/284142_200w.jpg,Holofoil,Ultra Rare,3,3118,https://cpt.tcgcsv.com/SGh3,2022-11-29T05:46:46.203,1,Look at the top 5 cards of your deck and put 3 of them into your hand. Put the other cards in the Lost Zone.,0.99,1.65,25.0,1.33,1.47,,190/196,,,,,,
284144,Fantina (Full Art),Fantina Full Art,Supporter,,https://tcgplayer-cdn.tcgplayer.com/product/284144_200w.jpg,Holofoil,Ultra Rare,3,3118,https://cpt.tcgcsv.com/VGh3,2022-09-09T04:03:39.38,1,"You can use this card only if your have 10 or more cards in the Lost Zone.
<br><br>During your opponent's next turn, all of your Pokemon take 120 less damage from attacks from your opponent's Pokemon V <em>(After applying Weakness and Resistance). (This includes Pokemon that come into play during that turn.)</em>",2.0,3.09,16.95,3.09,3.0,,191/196,,,,,,
284145,Iscan (Full Art),Iscan Full Art,Supporter,,https://tcgplayer-cdn.tcgplayer.com/product/284145_200w.jpg,Holofoil,Ultra Rare,3,3118,https://cpt.tcgcsv.com/WGh3,2026-01-15T03:55:03.18,1,"Draw 2 cards. If your Active Pokemon has ""Hisuian"" in its name, draw 2 more cards.",0.5,1.25,500.0,1.13,1.81,,192/196,,,,,,
284146,Lady (Full Art),Lady Full Art,Supporter,,https://tcgplayer-cdn.tcgplayer.com/product/284146_200w.jpg,Holofoil,Ultra Rare,3,3118,https://cpt.tcgcsv.com/XGh3,2025-12-04T14:04:19.16,1,"Search your deck for up to 4 basic Energy cards reveal them, and put them into your hand. Then, shuffle your deck.",2.75,4.37,34.0,3.99,6.22,,193/196,,,,,,
284147,Miss Fortune Sisters (Full Art),Miss Fortune Sisters Full Art,Supporter,,https://tcgplayer-cdn.tcgplayer.com/product/284147_200w.jpg,Holofoil,Ultra Rare,3,3118,https://cpt.tcgcsv.com/ZGh3,2022-09-09T04:03:39.38,1,Look at the top 5 cards of your opponent's deck and discard any number of Item cards you find there. Your opponent shuffles the other cards back into their deck.,2.33,3.35,37.0,2.92,3.29,,194/196,,,,,,
284148,Thorton (Full Art),Thorton Full Art,Supporter,,https://tcgplayer-cdn.tcgplayer.com/product/284148_200w.jpg,Holofoil,Ultra Rare,3,3118,https://cpt.tcgcsv.com/-Gh3,2023-05-26T17:16:39.807,1,"Choose a Basic Pokemon in your discard pile and switch it with 1 of your Basic Pokemon in play. Any attached cards, damage counters, Special Conditions, turns in play and any other effects remain on the new Pokemon.",0.9,1.58,45.0,1.32,1.5,,195/196,,,,,,
284150,Volo (Full Art),Volo Full Art,Supporter,,https://tcgplayer-cdn.tcgplayer.com/product/284150_200w.jpg,Holofoil,Ultra Rare,3,3118,https://cpt.tcgcsv.com/0Hh3,2024-06-21T05:10:29.283,1,Discard 1 of your Benched Pokemon V and all attached cards.,1.0,2.43,19.99,1.94,2.29,,196/196,,,,,,
284152,Kyurem VMAX (Secret),Kyurem VMAX Secret,Water,VMAX,https://tcgplayer-cdn.tcgplayer.com/product/284152_200w.jpg,Holofoil,Secret Rare,3,3118,https://cpt.tcgcsv.com/3Hh3,2026-02-16T18:04:07.62,1,"Ability — Glaciated World
<br>Once during your turn, you may discard the top card of your deck. If that card is a W Energy card, attach it to 1 of your Pokemon.",7.0,9.95,23.3,9.54,,,197/196,330,"[WWW] Max Frost (120+)
<br>You may discard an amount of W Energy from this Pokemon. This attack does 50 more damage for each card you discarded this way.",Mx2,3,,
284153,Magnezone VSTAR (Secret),Magnezone VSTAR Secret,Lightning,VSTAR,https://tcgplayer-cdn.tcgplayer.com/product/284153_200w.jpg,Holofoil,Secret Rare,3,3118,https://cpt.tcgcsv.com/5Hh3,2026-02-16T18:04:13.717,1,"<span style=""color:gold""><strong>VSTAR Power</span><br>
[LL] Electro Star
<br>This attack does 90 damage to 2 of your opponent's Bench Pokemon <em>(Don't apply Weakness and Resistance for Benched Pokemon.) (You can't use more than 1 <strong>VSTAR</strong> Power in a game.)</em>",5.0,6.55,46.17,5.56,6.43,,198/196,270,"[2L] Magnetic Grip (180)
<br>Search your deck for up to 2 Item cards, reveal them, and put them into your hand. Then, shuffle your deck.",Fx2,2,,
284154,Aerodactyl VSTAR (Secret),Aerodactyl VSTAR Secret,Fighting,VSTAR,https://tcgplayer-cdn.tcgplayer.com/product/284154_200w.jpg,Holofoil,Secret Rare,3,3118,https://cpt.tcgcsv.com/6Hh3,2026-01-13T18:51:38.263,1,"<span style=""color:gold""><strong>VSTAR Power</span><br>
[1] Ancient Star
<br>Until this Pokemon leaves play, it gains an Ability that has the effect ""Your opponent's Pokemon V in play, except any Aerodactyl <strong>VSTAR</strong>, have no Abilities."" <em>(You can't use more than 1 <strong>VSTAR</strong> Power in a game.)</em>",9.25,12.74,27.25,12.11,,,199/196,260,"[2F] Lost Dive (240)
<br>Put the top 3 cards of your deck in the Lost Zone.",Gx2,1,,
284155,Drapion VSTAR (Secret),Drapion VSTAR Secret,Darkness,VSTAR,https://tcgplayer-cdn.tcgplayer.com/product/284155_200w.jpg,Holofoil,Secret Rare,3,3118,https://cpt.tcgcsv.com/7Hh3,2022-10-17T17:38:01.063,1,"<span style=""color:gold""><strong>VSTAR Power</span><br>
Ability — Hazard Star
<br>During your turn, you may make your opponent's Active Pokemon Paralyzed and Poisoned. During Pokemon Checkup, put 3 damage counters on that Pokemon instead of 1. <em>(You can't use more than 1 <strong><VSTAR</strong> Power in a game.)</em>",4.74,6.5,40.0,6.06,6.37,,200/196,270,,Fx2,3,,
284156,Giratina VSTAR (201) (Secret),Giratina VSTAR 201 Secret,Dragon,VSTAR,https://tcgplayer-cdn.tcgplayer.com/product/284156_200w.jpg,Holofoil,Secret Rare,3,3118,https://cpt.tcgcsv.com/8Hh3,2026-02-16T18:03:26.15,1,"<strong>VSTAR Power</strong>
<br>[GP] Star Requiem
<br>You can use this attack only if your have 10 or more cards in the Lost Zone. Your opponent's Active Pokemon is Knocked Out. <em>(You can't use more than 1 VSTAR Power in a game.)</em>",17.99,24.99,55.0,24.07,24.88,,201/196,280,"[1GP] Lost Impact (280)
<br>Put 2 Energy attached to your Pokemon in the Lost Zone.",,2,,
284157,Hisuian Goodra VSTAR (Secret),Hisuian Goodra VSTAR Secret,Dragon,VSTAR,https://tcgplayer-cdn.tcgplayer.com/product/284157_200w.jpg,Holofoil,Secret Rare,3,3118,https://cpt.tcgcsv.com/9Hh3,2026-01-13T18:55:56.603,1,"<span style=""color:gold""><strong>VSTAR Power</span><br>
Ability — Moisture Star
<br>During your turn, you may heal all damage from this Pokemon. <em>(You can't use more than 1 <strong>VSTAR</strong> Power in a game.)</em>",5.99,7.79,96.95,7.7,10.99,,202/196,270,"[1WM] Rolling Iron (200)
<br>During your opponent's next turn, this Pokemon takes 80 less damage from attacks. <em>(after applying Weakness and Resistance)</em>",,3,,
284158,Hisuian Zoroark VSTAR (Secret),Hisuian Zoroark VSTAR Secret,Colorless,VSTAR,https://tcgplayer-cdn.tcgplayer.com/product/284158_200w.jpg,Holofoil,Secret Rare,3,3118,https://cpt.tcgcsv.com/bHh3,2025-04-14T11:47:58.34,1,"<span style=""color:gold""><strong>VSTAR Power</span><br>
Ability — Phantom Star
<br>During your turn, you may discard your hand and draw 7 cards. <em>(You can't use more than 1 <strong>VSTAR Power in a game.)</em>",5.0,7.05,14.5,6.32,7.49,,203/196,270,"[2] Ticking Curse (50x)
<br>This attack does 50 damage for each of your Pokemon that has any damage counters on it.",Fx2,2,,
284159,Arezu (Secret),Arezu Secret,Supporter,,https://tcgplayer-cdn.tcgplayer.com/product/284159_200w.jpg,Holofoil,Secret Rare,3,3118,https://cpt.tcgcsv.com/cHh3,2025-12-04T15:05:17.027,1,"Search your deck for up to 3 Evolution Pokemon that don't have a Rule Box, reveal them, and put them into your hand. Then shuffle your deck. <em>(Pokemon V, Pokemon-GX, ect, have Rule Boxes.)</em>",2.99,4.51,29.99,4.41,7.49,,204/196,,,,,,
284160,Colress's Experiment (Secret),Colresss Experiment Secret,Supporter,,https://tcgplayer-cdn.tcgplayer.com/product/284160_200w.jpg,Holofoil,Secret Rare,3,3118,https://cpt.tcgcsv.com/dHh3,2022-09-09T04:03:39.38,1,Look at the top 5 cards of your deck and put 3 of them into your hand. Put the other cards in the Lost Zone.,2.4,3.55,14.99,2.91,3.68,,205/196,,,,,,
284161,Fantina (Secret),Fantina Secret,Supporter,,https://tcgplayer-cdn.tcgplayer.com/product/284161_200w.jpg,Holofoil,Secret Rare,3,3118,https://cpt.tcgcsv.com/fHh3,2022-09-09T04:03:39.38,1,"You can use this card only if your have 10 or more cards in the Lost Zone.
<br><br>During your opponent's next turn, all of your Pokemon take 120 less damage from attacks from your opponent's Pokemon V. <em>(After applying Weakness and Resistance) (This includes Pokemon that come into play during that turn.)</em>",2.9,4.17,4321.0,3.76,4.5,,206/196,,,,,,
284162,Iscan (Secret),Iscan Secret,Supporter,,https://tcgplayer-cdn.tcgplayer.com/product/284162_200w.jpg,Holofoil,Secret Rare,3,3118,https://cpt.tcgcsv.com/gHh3,2022-09-09T04:03:39.38,1,"Draw 2 cards. If your Active Pokemon has ""Hisuian"" in its name, draw 2 more cards.",1.5,3.25,96.95,2.9,3.77,,207/196,,,,,,
284163,Lady (Secret),Lady Secret,Supporter,,https://tcgplayer-cdn.tcgplayer.com/product/284163_200w.jpg,Holofoil,Secret Rare,3,3118,https://cpt.tcgcsv.com/hHh3,2022-09-09T04:03:39.38,1,"Search your deck for up to 4 basic Energy cards, reveal them, and put them into your hand. Then, shuffle your deck.",3.68,5.17,29.99,4.91,5.41,,208/196,,,,,,
284164,Miss Fortune Sisters (Secret),Miss Fortune Sisters Secret,Supporter,,https://tcgplayer-cdn.tcgplayer.com/product/284164_200w.jpg,Holofoil,Secret Rare,3,3118,https://cpt.tcgcsv.com/jHh3,2026-01-06T19:54:42.85,1,Look at the top 5 cards of your opponent's deck and discard any number of item cards you find there. Your opponent shuffles the other cards back into their deck.,2.81,4.47,4321.0,3.89,3.9,,209/196,,,,,,
284165,Thorton (Secret),Thorton Secret,Supporter,,https://tcgplayer-cdn.tcgplayer.com/product/284165_200w.jpg,Holofoil,Secret Rare,3,3118,https://cpt.tcgcsv.com/kHh3,2022-09-09T04:03:39.38,1,"Choose a Basic Pokemon in your discard pile and switch it with on of your Basic Pokemon in play. Any attached cards, damage counters, Special Conditions, turns in play and any other effects remain on the new Pokemon.",1.98,3.5,9.99,3.09,3.55,,210/196,,,,,,
284166,Volo (Secret),Volo Secret,Supporter,,https://tcgplayer-cdn.tcgplayer.com/product/284166_200w.jpg,Holofoil,Secret Rare,3,3118,https://cpt.tcgcsv.com/lHh3,2024-12-07T13:44:48.207,1,Discard 1 of your Benched Pokemon V and all attached cards.,2.75,4.04,22.04,3.97,6.23,,211/196,,,,,,
284167,Giratina VSTAR (212) (Secret),Giratina VSTAR 212 Secret,Dragon,VSTAR,https://tcgplayer-cdn.tcgplayer.com/product/284167_200w.jpg,Holofoil,Secret Rare,3,3118,https://cpt.tcgcsv.com/mHh3,2026-01-13T18:54:51.023,1,"<strong>VSTAR Power</strong>
<br>[GP] Star Requiem
<br>You can use this attack only if your have 10 or more cards in the Lost Zone. Your opponent's Active Pokemon is Knocked Out. <em>(You can't use more than 1 VSTAR Power in a game.)</em>",11.25,15.82,223.6,14.49,11.91,,212/196,280,"[1GP] Lost Impact (280)
<br>Put 2 Energy attached to your Pokemon in the Lost Zone.",,2,,
284168,Hisuian Zoroark VSTAR (213) (Secret),Hisuian Zoroark VSTAR 213 Secret,Colorless,VSTAR,https://tcgplayer-cdn.tcgplayer.com/product/284168_200w.jpg,Holofoil,Secret Rare,3,3118,https://cpt.tcgcsv.com/nHh3,2025-12-02T02:41:50.037,1,"<span style=""color:gold""><strong>VSTAR Power</span><br>
Ability — Phantom Star
<br>During your turn, you may discard your hand and draw 7 cards. <em>(You can't use more than 1 <strong>VSTAR</strong> Power in a game)</em>",4.1,5.81,25.0,5.08,4.76,,213/196,270,"[2] Ticking Curse (50x)
<br>This attack does 50 damage for each of your Pokemon that has any damage counter on it.",Fx2,2,,
284169,Box of Disaster (Secret),Box of Disaster Secret,Item,,https://tcgplayer-cdn.tcgplayer.com/product/284169_200w.jpg,Holofoil,Secret Rare,3,3118,https://cpt.tcgcsv.com/pHh3,2022-09-09T04:03:39.38,1,"If the Pokemon V this card is attached to has full HP and is Knocked Out by damage from an attack from your opponent's Pokemon, put 8 damage counters on the Attacking Pokemon.",1.24,2.26,22.99,2.15,3.15,,214/196,,,,,,
284170,Collapsed Stadium (Secret),Collapsed Stadium Secret,Stadium,,https://tcgplayer-cdn.tcgplayer.com/product/284170_200w.jpg,Holofoil,Secret Rare,3,3118,https://cpt.tcgcsv.com/qHh3,2024-01-25T13:17:58.457,1,"Each player can't have more than 4 Benched Pokemon if a player has 5 or more Benched Poikemon, they discard Benched Pokemon until they have 4 Pokemon on the Bench. The player who played this card discards first. If more than one effect changes the number of Benched Pokemon allowed, use the smaller number.",1.5,2.5,19.99,2.1,3.18,,215/196,,,,,,
284171,Dark Patch (Secret),Dark Patch Secret,Item,,https://tcgplayer-cdn.tcgplayer.com/product/284171_200w.jpg,Holofoil,Secret Rare,3,3118,https://cpt.tcgcsv.com/rHh3,2022-09-09T04:03:39.38,1,Attach a basic D Energy card from your discard pile to 1 of your Benched D Pokemon,1.37,2.8,25.0,2.53,3.48,,216/196,,,,,,
284172,Lost Vacuum (Secret),Lost Vacuum Secret,Item,,https://tcgplayer-cdn.tcgplayer.com/product/284172_200w.jpg,Holofoil,Secret Rare,3,3118,https://cpt.tcgcsv.com/sHh3,2022-09-09T04:03:39.38,1,"You can use this card only if you put another card from your hand in the Lost Zone.
<br>Choose a Pokemon Tool attached to any Pokemon, or any Stadium in play, and put it in the Lost Zone.",1.25,2.02,24.99,1.86,2.67,,217/196,,,,,,
284274,Code Card - Arceus VSTAR Premium Collection,Code Card Arceus VSTAR Premium Collection,,,https://tcgplayer-cdn.tcgplayer.com/product/284274_200w.jpg,Normal,Code Card,3,3118,https://cpt.tcgcsv.com/vKh3,2023-06-16T18:45:09.087,1,"This listing is <strong>not</strong> a physical item. Please keep in mind that this <strong>Code Card</strong> listing represents a digital copy of the stated item for the Pokémon TCG Online <strong>and/or</strong> the Pokémon TCG Live games. You may receive the physical <strong>Code Card</strong>. Upon purchase, please work with your specific Seller by sending them a message using the <strong>Contact Seller</strong> button on the order details in your <a href=https://store.tcgplayer.com/myaccount/orderhistory>Order History</a> to opt in to having your <strong>Code Card</strong> code delivered digitally due to the nature of the product.",1.9,1.99,1.99,1.9,,,,,,,,,
285435,Code Card - Hisuian Zoroark VSTAR Premium Collection,Code Card Hisuian Zoroark VSTAR Premium Collection,,,https://tcgplayer-cdn.tcgplayer.com/product/285435_200w.jpg,Normal,Code Card,3,3118,https://cpt.tcgcsv.com/Kbj3,2022-10-28T04:03:09.81,1,"This listing is <strong>not</strong> a physical item. Please keep in mind that this <strong>Code Card</strong> listing represents a digital copy of the stated item for the Pokémon TCG Online <strong>and/or</strong> the Pokémon TCG Live games. You may receive the physical <strong>Code Card</strong>. Upon purchase, please work with your specific Seller by sending them a message using the <strong>Contact Seller</strong> button on the order details in your <a href=https://store.tcgplayer.com/myaccount/orderhistory>Order History</a> to opt in to having your <strong>Code Card</strong> code delivered digitally due to the nature of the product.",0.14,0.46,1.0,,,,,,,,,,
285674,Arceus VSTAR Ultra-Premium Collection,Arceus VSTAR Ultra Premium Collection,,,https://tcgplayer-cdn.tcgplayer.com/product/285674_200w.jpg,Normal,,3,3118,https://cpt.tcgcsv.com/vhj3,2022-11-12T05:03:09.467,1,"Show Your Mettle with the Arceus VSTAR Ultra-Premium Collection!
<br>
From the nothingness of the void came the cry of the Alpha Pokémon... Arceus is ready to shine in this special Ultra-Premium Collection starring Arceus V and Arceus VSTAR as pure metal cards! With a whopping stack of 15 booster packs, metal damage counter dice, an Arceus playmat, and many more treasures-this curated set has what it takes to bring gameplay to mythical new levels.
<br>
The Pokémon TCG: Arceus VSTAR Ultra-Premium Collection includes:
<br>
• 15 Pokémon TCG booster packs
<br>
• 1 metal card featuring Arceus V
<br>
• 1 metal card featuring Arceus VSTAR
<br>
• 1 playmat featuring Arceus
<br>
• 1 metal coin featuring Arceus
<br>
• 6 metal damage counter dice
<br>
• 1 acrylic VSTAR marker
<br>
• A code card for Pokémon TCG Live",320.99,400.0,895.0,285.31,,,,,,,,,
454377,Sword & Shield Ultra-Premium Collection: Charizard Case,Sword and Shield Ultra Premium Collection Charizard Case,,,https://tcgplayer-cdn.tcgplayer.com/product/454377_200w.jpg,Normal,,3,3118,https://cpt.tcgcsv.com/zMF5,2022-11-14T19:23:26.873,1,Each Ultra-Premium Collection: Charizard case contains 4 Ultra-Premium Collection: Charizard Boxes.,1634.97,1999.48,3000.0,1766.88,,,,,,,,,
479361,Lost Origin Booster Bundle Case,Lost Origin Booster Bundle Case,,,https://tcgplayer-cdn.tcgplayer.com/product/479361_200w.jpg,Normal,,3,3118,https://cpt.tcgcsv.com/fMR5,2025-04-03T16:10:06.267,1,"Includes 25 Lost Origin Booster Bundle products. Each Lost Origin Booster Bundle features 6 Lost Origin Booster Packs.
<br>Each Lost Origin booster pack contains 10 cards and either 1 basic Energy or 1 VSTAR marker. Cards vary by pack.",7694.95,8846.95,9998.95,,,0820650851469,,,,,,,
496024,Lost Origin SWSH11 Pre-Release Kit,Lost Origin SWSH11 Pre Release Kit,,,https://tcgplayer-cdn.tcgplayer.com/product/496024_200w.jpg,,,3,3118,https://cpt.tcgcsv.com/vq-5,2023-05-05T19:01:54.137,0,"<strong>One Kit Contains:</strong>
<br>• 10 Build & Battle Boxes
<br>• 1 Lost Origin Booster Box
<br>• 1 Energy Card Set (450 Cards)",,,,,,0820650870705,,,,,,,
496131,Lost Origin Sleeved Booster Pack Case,Lost Origin Sleeved Booster Pack Case,,,https://tcgplayer-cdn.tcgplayer.com/product/496131_200w.jpg,Normal,,3,3118,https://cpt.tcgcsv.com/Fs-5,2025-04-03T16:10:18.85,1,Each Lost Origin Sleeved Booster Pack Case contains 144 packs.,2489.97,4884.48,15999.0,2235.15,,,,,,,,,
637417,Hisuian Zoroark VSTAR Premium Collection (International Version),Hisuian Zoroark VSTAR Premium Collection International Version,,,https://tcgplayer-cdn.tcgplayer.com/product/637417_200w.jpg,Normal,,3,3118,https://cpt.tcgcsv.com/m-67,2025-06-09T19:40:00.403,1,"Unleash a Ticking Curse — with Hisuian Zoroark VSTAR!
<br>
Filled with spite and malice, Hisuian Zoroark uses illusions to confuse its opponents and play tricks on them, but it becomes an invaluable ally once you earn its trust. This Premium Collection is just what you need to get Hisuian Zoroark on your side as a Pokémon VSTAR, along with a copy of Hisuian Zoroark V to get it into play faster. You’ll also find an oversize version of Hisuian Zoroark VSTAR that’s suitable for display, a bunch of Pokémon TCG booster packs, and more!
<br>
The Pokémon TCG: Hisuian Zoroark VSTAR Premium Collection includes:
<br>
• 1 etched foil card featuring Hisuian Zoroark VSTAR
<br>
• 1 etched foil card featuring Hisuian Zoroark V
<br>
• 1 oversize foil card featuring Hisuian Zoroark VSTAR
<br>
• 5 Pokémon TCG booster packs
<br>
• 1 colorful Hisuian Zoroark pin
<br>
• 1 large metallic coin
<br>
• 1 acrylic VSTAR marker
<br>
• A code card for Pokémon TCG Live",85.0,98.99,99.99,60.72,,0820650871726,,,,,,,
648474,Lost Origin Build & Battle Stadium Case,Lost Origin Build and Battle Stadium Case,,,https://tcgplayer-cdn.tcgplayer.com/product/648474_200w.jpg,Normal,,3,3118,https://cpt.tcgcsv.com/vpc7,2025-08-08T20:08:30.44,0,"Case contains 6 Lost Origin Build & Battle Stadiums.
<br><br>
The Build & Battle Stadium includes everything you need for two players to prepare and battle. Inside this box, you’ll find::
<br>• 2 individual Build & Battle Boxes, each containing a 40-card ready-to-play deck
<br>• Each deck includes 1 of 4 unique foil promo cards
<br>• 4 additional Pokémon TCG: Sword & Shield—Lost Origin booster packs, so you get 12 in all
<br>• 121 Pokémon TCG Energy cards
<br>• 6 damage-counter dice
<br>• 1 competition-legal coin-flip die
<br>• 2 acrylic condition markers
<br>• A collector’s box to hold everything",1449.0,1449.99,1449.99,950.0,,,,,,,,,
652759,Lost Origin Pokemon Center Elite Trainer Box Case (Exclusive),Lost Origin Pokemon Center Elite Trainer Box Case Exclusive,,,https://tcgplayer-cdn.tcgplayer.com/product/652759_200w.jpg,Normal,,3,3118,https://cpt.tcgcsv.com/c7f7,2025-09-08T19:42:05.41,0,"<strong> Case contains 4 Sword & Shield—Lost Origin Pokémon Center Elite Trainer Boxes</strong>
This Pokémon TCG: Sword & Shield—Lost Origin Pokémon Center Elite Trainer Box can be found only at Pokémon Center and comes with exclusive accessories—an extra set of 65 card sleeves and a metallic coin—plus 10 booster packs (two more than in a standard Elite Trainer Box).
<br><br>• 10 Pokémon TCG: Sword & Shield—Lost Origin booster packs
<br>• 1 metal pin featuring Giratina
<br>• 45 Pokémon TCG Energy cards
<br>• A player’s guide to the Sword & Shield—Lost Origin expansion
<br>• A Pokémon TCG rulebook
<br>• 6 damage-counter dice
<br>• 1 competition-legal coin-flip die
<br>• 1 metallic coin featuring Giratina
<br>• 2 acrylic condition markers
<br>• A collector’s box to hold everything, with 4 dividers to keep it organized
<br>• A code card for the Pokémon Trading Card Game Online",5999.99,5999.99,5999.99,,,0820650851353,,,,,,,
